did,cursor,created_at,text,langs,is_reply,has_embed,matched_keyword,silver_label,gold_label
did:plc:nn4m6r3lse2dgznctqaaggcr,25177060456,2026-08-27T17:49:05.995Z,"Yesterday I watched a movie called Caroushell (brought to my attention by my friend who also watched it) and it was an Experience. Today I am watching a movie called Frogman.

""Are you saying frogman fucks?"" Incredible dialogue.",['en'],TRUE,FALSE,movie,1,1
did:plc:r4jv6ovwzxhfx7xfwelz7dwa,25177063724,2026-08-27T17:49:11.709Z,That movie was way better than I expected it to be.,['en'],TRUE,FALSE,movie was,1,1
did:plc:dwgtratdmddcphw2iohyjzp2,25177066115,2026-08-27T17:49:13.445Z,The latest Insidious movie gave me everything I wanted and more! Creepy and fun and full of emotion. Family and love and embracing power and fighting the dead and Elise!!!!,['en'],FALSE,TRUE,movie,0,1
did:plc:t4rzjqmgg2kh4ascstykedoz,25177072210,2026-08-27T17:49:31.923Z,"Forever baffled that WB wanted to scrap this movie, it was good! Will Forte does great and gets better as it goes; John Cena was absolutely the highlight, he chews the scenery anytime he’s on screen. Good movie, glad I was able to watch it. Fuck you David Zaslev.",['en'],FALSE,TRUE,movie,1,1
did:plc:5jcsvspxakd2zcjp7rudzpuf,25177075542,2026-08-27T17:49:37.330Z,"Okay so the reason for the redubbing as apparently, this was going to be a scifi action horror film where Seagal fights space vampires, but apparently it was bad so they reedited the movie to be instead about a drug, and Seagal got redubbed.",['en'],TRUE,FALSE,movie,1,1
did:plc:5j4ewltuyyslnnaleyjvx3b3,25177076676,2026-08-27T17:50:41.034Z,I just saw it oh god lol,['en'],TRUE,FALSE,just saw,0,1
did:plc:zgvizr7xd4rtd2xljque4nfm,25177081100,2026-08-27T17:49:51.607Z,"32: dune 📖

I read something that isnt wikipedia guys are you proud /s 
already downloaded the movie for a car ride this weekend ehehehe. peak sci-fi I’m having fun with it",['en'],TRUE,FALSE,movie,0,1
did:plc:i5j6whdy7nvbsczayf5w4mgs,25177084112,2026-08-27T17:49:59.304Z,"The thing is, many of them have themes! Often perfectly fine themes! None of which are ever used outside their individual movies and some of which change with each movie - Thor has a different individual theme in each of his solo films!",['en'],TRUE,FALSE,movie,0,1
did:plc:mgjiuyfjenwfwujvvgn35gch,25177091436,2026-08-27T17:50:13.969Z,This is one of the many things the animated Spiderverse movies nail effortlessly,"['ak', 'en']",TRUE,FALSE,movie,0,1
did:plc:66zrnrnuvwt64rpy6helxxmo,25177116667,2026-08-27T17:51:12.882Z,I won’t say ENTOURAGE holds up particularly well as a cultural object but it was really good at conveying that any movie coming together and actually getting made is a minor miracle,['en'],FALSE,FALSE,movie,0,1
did:plc:wcysw6jen2b6wlpllxzvtezr,25177119285,2026-08-27T17:51:17.961Z,YEAH and like I honestly think the castings would have been *ok* if they got to be real charas w/consistent arcs and the movie not half ass the overcoming trauma/accepting yourself themes it gestured at,['en'],TRUE,FALSE,movie,0,1
did:plc:xms27daykhqnq6szrpmow5xn,25177127000,2026-08-27T17:51:37.365Z,"Judge Doom is an all-time great movie villain, and we never get his backstory, real name, or actual appearance. He's some kind of terrifying cartoon monster wearing a Christopher Lloyd suit",['en'],FALSE,FALSE,great movie,1,1
did:plc:fccnfzyczckkfawkonywsh3z,25177130932,2026-08-27T17:51:44.866Z,"[Minor Spoiler for a 12 year old movie]

One of my favorite details in The Winter Soldier, is that they foreshadowed that Sitwell was Hydra when they had him call National Airport ""Reagan"".",['en'],FALSE,TRUE,movie,1,1
did:plc:mloa3csvopo2u6e7d7pllihr,25177135915,2026-08-27T17:51:57.735Z,Lesbian space princess is a cinematic masterpiece. I only wish Charlie Kirk lived another day to see it,['en'],FALSE,FALSE,cinema,0,1
did:plc:x5w37hubfpj3knz3sve732ar,25177139008,2026-08-27T17:52:04.020Z,"Man, I love the Death Wish movies. Their message is reprehensible but they're such effective, visceral films. When Golan and Globus got their hands on the franchise they went absolutely wild with it. Death Wish III is practically a parody of itself.

The author of the original novel hated them!",['en'],TRUE,FALSE,movie,0,1
did:plc:oxxpplof2s4fb263v5pcmrie,25177177133,2026-08-27T17:53:08.641Z,"Well, nobody coming in to that movies is coming out not furry.",['en'],TRUE,FALSE,movie,0,1
did:plc:ifcreuvp4ocrocta4e3ksojl,25177181243,2026-08-27T17:53:18.443Z,Here's the shift from a realistic storyline about a film director meeting a reclusive former actor on the slasher movie set where she lives & the movie you're watching in a theatre becomes Hannah's character's fantasy recreation of a slasher movie to express her full sexuality,['en'],TRUE,FALSE,movie,0,1
did:plc:ifcreuvp4ocrocta4e3ksojl,25177181244,2026-08-27T17:53:18.444Z,"This is a major way the movie ends up overstuffed with signification & meanings & references. That can be a bad thing if you're looking for a more tightly contained, linear story like I Saw the TV Glow",['en'],TRUE,FALSE,movie,1,1
did:plc:ifcreuvp4ocrocta4e3ksojl,25177181245,2026-08-27T17:53:18.445Z,Because Camp Miasma (2026) is a loving homage & deconstruction of classic slasher movies that directly targets their misogyny & LGBTQ-phobia. Most obvious is the fictional 1980s slasher Camp Miasma: the undead killer is monstrous because it's the resurrection of a trans child murdered at the camp,['en'],TRUE,FALSE,movie,0,1
did:plc:v6ry7lg235dt3g2oiyrjxkxb,25177183369,2026-08-27T17:53:21.518Z,That footage is something you'd expect in an apocalyptic disaster movie. It's just hard to grasp it's real. It makes the 2004 Tsunami footage look tame.,['en'],TRUE,FALSE,movie,0,1
did:plc:xlu7noh2otlfhsfwdkqmuwgj,25177183480,2026-08-27T17:53:20.713Z,"Rewatching one of my favourite movies, ""The Shape Of Water"" (2017). Fantasy starring Sally Hawkins, Michael Shannon, Richard Jenkins and Doug Jones. I love how it pays homage to ""The Creature From The Black Lagoon"".

#TheShapeOfWater #SallyHawkins #MichaelShannon #RichardJenkins #DougJones",['en'],FALSE,TRUE,movie,1,1
did:plc:nn4m6r3lse2dgznctqaaggcr,25177186575,2026-08-27T17:53:30.186Z,I have not but I did watch part of a video on IG the other day which listed all 107 shark movies on Tubi. I must not have been further along the list.,['en'],TRUE,FALSE,movie,0,1
did:plc:4luwxl2s7nlirxesrmrmmp56,25177195629,2026-08-27T17:53:50.859Z,"Watched and laughed a lot during said viewing experience. #FilmSky

boxd.it/g3kGYd",['en'],FALSE,TRUE,film,0,1
did:plc:vyfrvew6objbstp7ilaquqgu,25177200093,2026-08-27T17:54:00.372Z,"This was my first time seeing the second movie. It was okay, but the first one is indeed a classic.",['en'],TRUE,FALSE,movie,0,1
did:plc:gywjdydl3j5wmzjrmrfrngbg,25177203156,2026-08-27T17:54:09.211Z,Just saw a bear on tv and his donger was flopping around as he beat up a tree and I think there should be a charity that makes underwear for bears. They're simply too big to be hanging dong in MY woods,['en'],FALSE,FALSE,just saw,0,1
did:plc:to6fgjwpeaitt7ewhh3qxvcz,25177242457,2026-08-27T17:55:38.162Z,"I just finished watching LION by Nat Geo. The story is so real and really interesting. It's a four-part documentary series that follows a lion cub named Kio growing up in Kenya's Maasai Mara, my homeland.

Great production and camera work 👏",['en'],FALSE,TRUE,just finished watching,1,1
did:plc:c5j2vlyuxapgs4b6pokwlalb,25177244441,2026-08-27T17:55:44.987Z,I saw an interview with Chuck Dixon a few years ago where he said that this is what NYC was really like in the mid 80s and I honestly think it’s bc he was just watching the movie on WPIX all the time,['en'],TRUE,FALSE,movie,1,1
did:plc:7cx2z7el6veziia6pqlm5iwp,25177279294,2026-08-27T17:57:06.222Z,That’s a great movie and an even better book!,['en'],TRUE,FALSE,great movie,1,1
did:plc:z3u5rq3p4mnu7dxms4te7tm5,25177281363,2026-08-27T17:57:12.039Z,great movie to watch drunk,['en'],TRUE,FALSE,great movie,1,1
did:plc:plike46pn6bnig6vfoo6tzzj,25177305026,2026-08-27T17:58:04.578Z,Wall-E's future humans who had no skills and just watched screens seemed like a goofy exaggeration at the time.,['en'],FALSE,TRUE,just watched,1,1
did:plc:yttgonnhitywrjkhoclatkji,25177326367,2026-08-27T17:58:52.997Z,I remember as a kid having to write an essay on the best movie I saw over the summer and the only one I saw was Avengers so I had to write about why the Avengers is the best movie ever,['en'],FALSE,FALSE,movie,1,1
did:plc:4kjy67j6vk57defvnna3qz5q,25177332075,2026-08-27T17:59:01.271Z,Coyote vs Acme isn’t the only film out today. I want to make a case for a movie that truly is one of the best of its genre this decade. aflickeringlife.wordpress.com/2026/08/27/a...,['en'],FALSE,TRUE,movie,1,1
did:plc:y5mlqprtgk4kxedsubhvbeib,25177386198,2026-08-27T18:01:03.411Z,Great movie. Especially the music. Take you time!,['en'],TRUE,FALSE,great movie,1,1
did:plc:ehgey64lwfy3hc6sagisptmt,25177393290,2026-08-27T18:01:19.195Z,"(El) Orfanatorio, Spanish horror film, pretty good. 
Recycle, Korean horror film about a writer, I think it was good?
Can’t think of anything with an E, sorry.",['en'],TRUE,FALSE,film,1,1
did:plc:l5lta24dsu4kztd6oh6yt73u,25177406461,2026-08-27T18:01:49.913Z,Chinatown with cartoons. Great film.,['en'],TRUE,FALSE,great film,1,1
did:plc:hag6wru2ymzfgrttedmjwwkw,25177416582,2026-08-27T18:02:12.736Z,“Is God Is” was a good movie,"['en', 'fr']",FALSE,FALSE,movie,1,1
did:plc:bdfqywaeywll4fzkpljdreyb,25177430822,2026-08-27T18:02:44.576Z,"The trailer played in the cinema again last night. Jaw droppingly awful. Why are the women going out only in their underwear? And based on his weird, cringy smirking alone, Callum Turner shouldn’t get anywhere near OO7.",['en'],TRUE,FALSE,cinema,1,1
did:plc:cgpsg3qf4n5gjytkcgag3l5h,25177453051,2026-08-27T18:03:33.677Z,Show them the new one Minions and Monsters I HATE the damn Minions but that movie was actually pretty impressive,['en'],TRUE,FALSE,movie was,1,1
did:plc:ssmyvjry5f3xrkvhgjywxds2,25177459917,2026-08-27T18:03:49.460Z,This movie was a cut above the rest though. The plot was not new but was still pretty thrilling and there were both gun fights AND H2H fights that were all so hellish.,['en'],FALSE,TRUE,movie was,1,1
did:plc:o2ekppzqc3d3ksr7c4ahigo2,25177636675,2026-08-27T18:04:54.042Z,"So we went to see Coyote vs. ACME which was very good, but I came out feeling called out 
The cinema lobby was playing the Pokémon theme tune as we exited the screen and then the next song was Fireflies by Owl City
So my special interest followed by a song MADE by an autistic person lmao",['en'],FALSE,FALSE,cinema,1,1
did:plc:6fqk5cjsiazqekfyjdrlrha7,25177652626,2026-08-27T18:05:30.031Z,"I just watched ""Robin Hood: Men in Tights"" this morning lol",['en'],FALSE,TRUE,just watched,1,1
did:plc:ybfyn7vijyj3uqey64wuyoto,25177678063,2026-08-27T18:06:23.295Z,the ghost movie made me cry because apparently i still get emotional about this dumb band,['en'],FALSE,TRUE,movie,1,1
did:plc:lh4xx7ls7zbfgph3qwsychue,25177698926,2026-08-27T18:07:17.267Z,"The guy from the worst movie in cinema history, Click?",['en'],TRUE,FALSE,movie,1,1
did:plc:n6xonswdjd3hquvh5mt3bcqz,25177748672,2026-08-27T18:09:05.974Z,"I think my favorite scene of all of the films is in the first movie 
youtu.be/fGYXGdLd7ik?...",['en'],TRUE,TRUE,movie,1,1
did:plc:6d4jyvqyobzszurjpdiq3q27,25177793773,2026-08-27T18:10:47.144Z,"Genuinely one of the gentlest, most sincere, and heartwarming movies. A great warm hug of a film, which is incredibly rare.",['en'],TRUE,FALSE,movie,1,1
did:plc:enhsptas2bbtdv4m2lwvbsir,25177866199,2026-08-27T18:13:18.762Z,"I genuinely quite like that film, been a while since I've seen it",['en'],TRUE,FALSE,film,1,1
did:plc:l3demd7in6s5cgzxao3kcspi,25177882412,2026-08-27T18:14:09.335Z,"I don't think I'm allowed to admit to people I know and/or work with regularly that Crash (1996) is my favorite movie of all time. I often relinquish that choice to Michael Clayton, another excellent dialogue heavy film. Crash is so weird and so dirty and so so good at telling its story.",['en'],FALSE,TRUE,movie,1,1
did:plc:diaegtiinsl4pef2uj4unyzs,25177930429,2026-08-27T18:15:43.190Z,"Just watched the 1953 version of Titanic. It's my favorite film version of the story. Beautifully filmed and directed, with phenomenal performances by Barbara Stanwyck and Clifton Webb. If you watch it, make sure you have some Kleenex handy!",['en'],FALSE,TRUE,just watched,1,1
did:plc:7a5wu63wrcmxieumszwinhmz,25177944794,2026-08-27T18:16:30.918Z,"Finally watching Rocky Horror Picture Show in honor of Tim Curry

Never touched it because my queer friends at the time told me over and over that this film was intensely transphobic

Watching it now tho I kinda feel like that misses the point so hard if that's what you're taking away from it?",['en'],FALSE,FALSE,film was,1,1
did:plc:uvryw5ugiyeigunr7n5lmuzr,25177958895,2026-08-27T18:17:01.648Z,"Yeah. I mean. It is a business, but jeez. I saw that movie already. I severely doubt there was some subtle nuance that without which the next movie would be incomprehensible.",['en'],TRUE,FALSE,movie,1,1
did:plc:4leukljw3ogwno54j7pzxc7l,25178004615,2026-08-27T18:18:47.203Z,Well done! Great movie,['en'],TRUE,FALSE,great movie,1,1
did:plc:rtytsna2xa6kporsuxh7qi7q,25178022922,2026-08-27T18:19:28.478Z,one of my favorite movie anecdotes. it's also kind of funny in view of his roles in Zardoz and The Highlander,['en'],TRUE,FALSE,movie,1,1
did:plc:ikyjw464n7c46hq4jigji4s5,25178226066,2026-08-27T18:27:16.943Z,So I watched the GI-Joe animated movie so much as a kid and there was one of the Joe's that died in it and due to the backlash they included a voice line towards the end saying hey the doc said duke was gonna be OK. Never picked up on that as a kid.,['en'],TRUE,FALSE,movie,1,1
did:plc:cx6eac7r5f5eeyz6lgjoni2l,25178240309,2026-08-27T18:27:49.996Z,I've just watched the trailer to this...even all these decades later it petrifies me 😂,['en'],TRUE,FALSE,just watched,1,1
did:plc:2toui2y4jkruj6cfsggq7fjb,25178266319,2026-08-27T18:28:47.862Z,"It Follows is so fucking good!!! Great movie!
I wish they'd remake the Cube, I feel like a new take on it would be really cool",['en'],TRUE,FALSE,great movie,1,1
did:plc:fxbnmadvtlrlhodoow5eufjo,25178266895,2026-08-27T18:28:48.134Z,"He was so cool in that flick, I loved the movie!",['en'],TRUE,FALSE,loved the movie,1,1
did:plc:ywy7q7vaj37kwn24jnxj2ghy,25178286625,2026-08-27T18:29:33.566Z,"it's probably the film I have watched the most times (not a lot of times, I'm not a big film watcher) and I still wouldn't say I watched and understood
but I believe there's a lot of literature abt it...",['en'],TRUE,FALSE,film,1,1
did:plc:epk7rk2537bm7gialznflpij,25178288917,2026-08-27T18:29:40.277Z,I literally just watched Transformers: Dark Side of the Moon last night 😢,['en'],FALSE,TRUE,just watched,1,1
did:plc:ev5qqkwvvxzatzx66tdexdno,25178324596,2026-08-27T18:30:41.398Z,"The Omen is one of my favorite movies and I have a copy of it and the sequels along with a ""Making of the Omen films"" DVD ❤️

Been a while since I've seen Killer Klowns, but I remember liking it. Haven't seen Giant Leeches yet.",['en'],TRUE,FALSE,movie,1,1
did:plc:xslzkilxfu7dspyqw5c7a7qt,25178326529,2026-08-27T18:30:39.743Z,"8/22/26 Fantastic Four: First steps (2025, Matt Shakman, streaming rental) ⭐⭐⭐1/2
Pretty good straightforward movie but easily the best FF one so far. Top notch production design only slightly marred by MCU CGI mediocrity.",['en'],TRUE,TRUE,movie,1,1
did:plc:jmiwivpcdr2qs46fxfruegoh,25178364298,2026-08-27T18:32:16.968Z,thats nuts the craziest movie I watched at that age was probably the cat soup ova,['en'],TRUE,FALSE,movie,1,1
did:plc:ppwlytvqqbg5oe2negy6bum2,25178408757,2026-08-27T18:33:59.841Z,"....oh wait, I just saw some posts about Rocky Horror. Oh this is about that, isn't it? Curry passes and suddenly a bunch of baby queers ""discover"" RHPS and other things of that era and have ~opinions~

That would be insufferable and I'm glad I haven't encountered it personally.",['en'],TRUE,FALSE,just saw,1,1
did:plc:5b3mmq64mrzdl6anxgmkwyj7,25178469331,2026-08-27T18:36:13.520Z,"I couldn't agree more, my friend. Thanks so much for this information.
I loved Daniel Day Lewis as ""Lincoln."" One of the best movies ever made.
The scenes when the war has ended just enrage me -- these southern ""leaders"", in all of their ludicrous entitlement, have the gall to go whining to Lincoln",['en'],TRUE,FALSE,movie,1,1
did:plc:tcodyq5gpvr3lyzrd2quij6b,25178487034,2026-08-27T18:36:51.165Z,"Legend is my favorite guilty pleasure movie, the apotheosis of cheesy 80s fantasy movies, and Tim Curry is a big reason why that is. And probably a big reason why I love horny* villains attempting to seduce the girl.",['en'],FALSE,TRUE,movie,1,1
did:plc:aoqc3jylimkydtluc57tfa2k,25178540542,2026-08-27T18:38:52.984Z,"In The Dictator <2012> the main character played by Sacha Baron Cohen named everything famous after himself.

That's where we are, more-or-less as a country irl 2026. Movie was supposed to be a parody, not an instruction manual.",['en'],TRUE,FALSE,movie was,1,1
did:plc:5l2logxpzwcyumprmsnmcb3r,25178543638,2026-08-27T18:38:59.103Z,"Got Friday matinee tix for Coyote vs Acme at the cinema with drinks & GF pizza. Trying to avoid high expectations, but we’ve been through so much waiting for thisssss",['en'],FALSE,TRUE,cinema,1,1
did:plc:6ltskpkqrn7tx3c2b64w6slu,25178544725,2026-08-27T18:39:04.135Z,"It was good, but did it have any pop culture sway beyond the movies? 

Not really.",['en'],TRUE,FALSE,movie,1,1
did:plc:an3z4izzbgj6uv7mhx5r6uou,25178546983,2026-08-27T18:39:08.113Z,"At last! 

Near as I could tell, “The Stunt Man” is the movie I saw with my dad in a preview before a regular showing of “The Last Married Couple in America,” which we walked out on so as not to spoil a fun evening.",['en'],TRUE,FALSE,movie,1,1
did:plc:dff365idq2u3n5l5arfdkykf,25178551289,2026-08-27T18:39:17.998Z,"For anyone curious as to why there never was a Nick Fury movie. 
There was. It just wasn't in the MCU timeline. In the 90s David Hasselhoff was cast as Fury, for a made for tv movie that more or less follow in with what happens in the comics. It was good, not great, the premise involved hydra",['en'],FALSE,FALSE,movie,1,1
did:plc:vfhqaouhh266i4cxtjullsap,25178566894,2026-08-27T18:39:45.412Z,Likewise. I've had Dario Argento's 'Dracula' on disc for many years. I love his classics so much yet never gathered the momentum to carry me through this one ⚰️ but just watched your fun vlog & feel a little more prepared now... will definitely prepare with a tall cocktail as recommended🍸,['en'],TRUE,FALSE,just watched,1,1
did:plc:zfw2o4gfcahciaylo76rmzxa,25178570698,2026-08-27T18:40:00.038Z,Eg. The first Marvel film I watched (and liked…not loved) in a while was Fantastic 4 because it felt fresh because it didn’t feel as tied to 18 films and 5 tv shows.,['en'],TRUE,FALSE,film,1,1
did:plc:mxsqjskc2n57qmcnlhrgae4r,25178577943,2026-08-27T18:40:17.555Z,"Their best movie will always be their first, which is a straight-ahead remake of BIG DEAL ON MADONNA STREET that brings nothing to the material aside from some established stars being allowed to get silly.",['en'],TRUE,FALSE,movie,1,1
did:plc:6dz43nr3lqbxrrzozwybid5m,25178595029,2026-08-27T18:40:56.262Z,"- Ready or Not (2019) is more of a horror-comedy but it's one of my favorites
- Event Horizon (1997) is *very intense* but also an absolute classic of sci-fi horror
- The Thing (1982) is one of the greatest films of all time and STILL scares me when I've seen it a dozen times",['en'],TRUE,FALSE,film,1,1
did:plc:lylnuicmwzslk6fv22xznhsj,25178616164,2026-08-27T18:41:44.319Z,"Sharks of the Corn

It’s the worst movie ever made and I love it",['en'],FALSE,TRUE,movie,1,1
did:plc:3v4zdbjl6ncxgjktvntnbu52,25178618718,2026-08-27T18:41:48.423Z,Great movie. Always felt like it was unappreciated at it’s time and since then,['en'],TRUE,FALSE,great movie,1,1
did:plc:otf43d5zxz6irztoualh6vgq,25178644842,2026-08-27T18:42:51.422Z,"I've been watching this show on Crunchyroll called ""The Exiled Heavy Knight Knows How to Game the System"", and just now finished the most recent episode. Overall the show has an issue of unnecessary recapping. They even repeat scenes you just watched a few minutes before. Today's was ridiculous.",['en'],FALSE,FALSE,just watched,1,1
did:plc:ksdvszu4sbkq4766eum4stu4,25178651279,2026-08-27T18:43:05.536Z,"Just saw this ""memory"" and I really have to finish this third novel in the series.",['en'],FALSE,TRUE,just saw,1,1
did:plc:ek4ekfusyms5yncdqngzw573,25178666300,2026-08-27T18:43:42.404Z,"I just watched Out of Africa, and that was an interesting experience. It is  a good example of white washing racism with women's empowerment. Gone with the Wind is another example, albeit lighter on the empowerment aspect.",['en'],FALSE,TRUE,just watched,1,1
did:plc:4ltcuufmvmfz2vr2belpnmu4,25178702923,2026-08-27T18:45:05.399Z,"I saw the trailer for this in front of The Odyssey and thought it looked kind of boring and generic. Could barely even tell what country it was supposed to be set in.

Anyways apparently it has a new trailer clarifying it's a Robin Hood movie, lol.",['en'],FALSE,TRUE,movie,1,1
did:plc:fyk7k47or5phqjdo3aykvhff,25178707797,2026-08-27T18:45:08.288Z,"The first time I was saddened by the news of Optimus Prime's death was when I watched Transformers: The Movie (1986) in theaters.

The second time was today.

RIP Peter Cullen",['en'],FALSE,TRUE,movie,1,1
did:plc:w3emdgxq3teyqo2exkvdl4xt,25178709095,2026-08-27T18:45:20.228Z,"Do I need to recreate my Avengers Endgame experience precisely? I fell down stairs earlier than day and would have a bruise the size of a football, and was in 10/10 pain and the movie wasn’t very good either.",['en'],FALSE,TRUE,movie was,1,1
did:plc:omkb4ov5w2bintbbbb47lile,25178778602,2026-08-27T18:47:59.586Z,"Watched it last night. It's a mess, but it's a ravishingly beautiful mess. I wish the entire film was just Tim Curry and Mia Sara.",['en'],TRUE,FALSE,film was,1,1
did:plc:gh5xd3w5r4l25y6trc5h6bnj,25178782532,2026-08-27T18:48:07.903Z,"I have a friend from France who had never seen this movie.

We sat down and watched it with her, as we explained that most of the actors were European (including French) refugees.

She loved it.",['en'],TRUE,FALSE,movie,1,1
did:plc:qklxzrnxgeadoii2i6n2w3x3,25178811332,2026-08-27T18:49:13.661Z,I watched last night and it looks fantastic!,['en'],TRUE,FALSE,watched last night,1,1
did:plc:gxtniliejpthzke7rprdlexo,25178862508,2026-08-27T18:51:09.028Z,"I thought so! My husband has LOVED that film since he was pretty young, so I've seen it a number of times over the years.",['en'],TRUE,FALSE,film,1,1
did:plc:bckakoo35lfdw7lvuv6n3o6z,25178868624,2026-08-27T18:51:20.703Z,"My only nitpick is sometimes the animation on Foghorn is a little weird... but the writing and all the jokes are awesome. #CoyoteVSAcme

Easily a 10/10 movie for me",['en'],FALSE,FALSE,movie,1,1
did:plc:4ocmhgqnmoxp3vamyy2sbb32,25178901631,2026-08-27T18:52:28.702Z,"Last night my daughter and I went to an IMAX showing of the new Ghost concert movie Too Big To Rig, and...folks...it was so much fun! All the audience members, us included, dressed like it was a live concert. Singing along, a little dancing! Highly recommend!
#Ghovie",['en'],FALSE,FALSE,movie,1,1
did:plc:zewh6wkark5uah3gsbrsrxx2,25178910771,2026-08-27T18:52:47.072Z,Went to see Coyote vs. Acme and had a good time with it. Good to see it really locking in that youth audience by starting the film with a scene featuring the 1940s cartoon caricature of Peter Lorre.,['en'],FALSE,FALSE,film,1,1
did:plc:wievpx3egzm4xphbyw277uwa,25178984900,2026-08-27T18:55:42.161Z,"Just watched it now.

I'm not in bits, you're in bits!",['en'],TRUE,FALSE,just watched,1,1
did:plc:t4b5gsfrxwzjh5obrrfj46ig,25179008233,2026-08-27T18:56:30.564Z,my favorite movie i love your little ishii junko and kagutaba impressions,['en'],TRUE,FALSE,movie,1,1
did:plc:jcgsmdp3ljkdlwma6nxxj5xh,25179072688,2026-08-27T18:58:52.083Z,"OOOOOOOH that was a great movie. 

It was half of the weirdest double feature I've done at a theater.",['en'],TRUE,FALSE,great movie,1,1
did:plc:p4bkax4lj4s3qwu4ip6nyrub,25179081626,2026-08-27T18:59:10.250Z,"Oh yeah, I finally watched all of Revue Starlight last week.

Anime Season: 5/5
Overture Manga: 5/5
Rondo recap movie: 3.5/5
Movie: 4/5",['en'],FALSE,FALSE,finally watched,1,1
did:plc:3thqxtvlshjxpjiqtohdsxog,25179086659,2026-08-27T18:59:18.712Z,we watched best little whorehouse and i think it's worth bringing up possibly the best song and dance number ever filmed for a movie musical www.youtube.com/watch?v=AALR...,['en'],FALSE,TRUE,movie,1,1
did:plc:xhkvsxyqvfcifzp6gbjkx7im,25179096205,2026-08-27T18:59:38.208Z,Great film of course. But always loved Bob Peak's posters for the film.,['en'],TRUE,FALSE,great film,1,1
did:plc:i2bdsqmwwoisaladzcojrdam,25179166323,2026-08-27T19:02:06.816Z,We just watched 9-5 yesterday and it holds up.,['en'],TRUE,FALSE,just watched,1,1
did:plc:k6syqg577dr3nyrsevahuqmj,25179248929,2026-08-27T19:05:05.172Z,"POSSESSION; even better than remembered. To be cuckolded by god/ to escape the terror of men by sleeping with god, only to find god fashioned in the image of man. Isabelle Adjani's performance is genuinely one of the greatest ever put to film, you can feel her communing with her very soul.",['en'],FALSE,TRUE,film,1,1
did:plc:qwm3uitnmptpw63bp3wnxexd,25179249679,2026-08-27T19:05:11.849Z,The funny thing is I knew FFXV was known to be a mess and mainly just saw it showing up culturally as yaoi bait with a modern aesthetic that didn't draw me but my brother made go through his replay and 10 hours in I really was just sitting there like,['en'],FALSE,TRUE,just saw,1,1
did:plc:es46dvqcafj7o3llvlrbpczz,25179322491,2026-08-27T19:08:05.324Z,Man the Bee Movie was a fever dream wasn't it? 😂,['en'],TRUE,TRUE,movie was,1,1
did:plc:oc2zocofnamypl6naeydotqv,25179340639,2026-08-27T19:08:49.327Z,"Just watched an interview about datacentres. Mostly good and covered most of the points. But the interviewer said ""Not in my back yard""/""in my back yard"" more times than felt natural. It is possible for people to object to the environmental destruction of datacentes without being directly affected",['en'],FALSE,FALSE,just watched,1,1
did:plc:hfgcg56x6ji5egslm4br75zu,25179351298,2026-08-27T19:09:11.629Z,"This has proven to be such a short-sighted move from Warner Bros., to say the least, as this film in particular is one of the best Looney Tunes films I have seen, and well worth the campaign to release it. It is a true love letter to the old cartoons made by Chuck Jones.",['en'],TRUE,TRUE,film,1,1
did:plc:g5fu2bzwnxvpj2tlbugvzgdf,25179355892,2026-08-27T19:09:15.811Z,It's true... even though the movie was very clearly explaining he was being affected and warped by an additional force XD,['en'],TRUE,FALSE,movie was,1,1
did:plc:t3tcr7dgs3tj55pylfgfimyh,25179376896,2026-08-27T19:10:03.627Z,"I just watched this and have to admit <semi hiding under covers> I got a little weepy at the end... 

Not just b/c of Dolly, but b/c of the human interaction b/w Stephen and Dolly - it was frigging magical ✨️",['en'],TRUE,FALSE,just watched,1,1
did:plc:gt6rxrrhul6yynxmnqggvwuy,25179384701,2026-08-27T19:10:20.890Z,Just saw an AI generated advert for the newest Survivor I’m SICK 😭,['en'],FALSE,TRUE,just saw,1,1
did:plc:hb6vlv4lhv3uziq7feot6bq6,25179391280,2026-08-27T19:10:35.772Z,AND I'M KINDA MAD I MISSED CATS SING ALONG SCREENINGS??? LIKE THAT MOVIE WAS SHIT BUT EVERYTIME I SAW VIDEOS OF PEOPLE SINGING ALONG TO IT I WANTED TO BE THERE!!! IT'S BEEN YEARS!!! I WANT IT!!!,['en'],TRUE,FALSE,movie was,1,1
did:plc:xo6giww5xldglc76xhlnwa5h,25179447306,2026-08-27T19:12:38.179Z,the other night I went to see the fast and the furious (2001) at a movie theater and one of my gay guy friends asked all us gals if Vin Diesel is hot in a way where he wanted to admit Vin Diesel is hot and we told him that Vin Diesel is hot and that he can accept his feelings about that,['en'],FALSE,FALSE,movie,1,1
did:plc:trwqhid5leinzt56pz3acib2,25179484383,2026-08-27T19:13:57.614Z,"Just finished watching Transformers: The Movie (1986) with my sons. Ozzy (2) didn't care much. Felix (8) hated it at first, but by the end ""that was SO worth the watch"" 😆 soundtrack hooked him. Rach screamed when they dropped the Universal Greeting (I do this constantly without reference)",['en'],TRUE,FALSE,just finished watching,1,1
did:plc:d3d3srheh4xzisee2uluazle,25179510228,2026-08-27T19:14:54.595Z,I honestly thought I was going to wet myself at the cinema for that Borat fight.,['en'],TRUE,FALSE,cinema,1,1
did:plc:uwaifaeykpl5khawebueeind,25179517572,2026-08-27T19:15:10.986Z,Just got back from watching Coyote Vs Acme. I have to say this is the best Looney Tunes movie ever. Made me cry just a biiiiiiit. But yes it was a good movie!!!,['en'],FALSE,FALSE,movie,1,1
did:plc:tyaxcfdxdnqok4nuzdmqgbky,25179523907,2026-08-27T19:15:26.746Z,THIS MOVIE IS SOOOOOO FUCKING PEAK THIS MAY BE MY FAVOURITE LESBIAN MOVIE EVER MADE,['en'],TRUE,FALSE,movie,1,1
did:plc:am65d3danyioe6jhgdxheyaa,25179611890,2026-08-27T19:18:46.301Z,"I've been eagerly awaiting for this movie since I first heard critics talking about seeing screenings of it at film festivals. It looks like an extra long episode of How To with John Wilson, which you should 100% go watch right now on HBO if you haven't seen it. www.youtube.com/watch?v=O05a...",['en'],FALSE,TRUE,movie,1,1
did:plc:6ur3yalybbwdggsw4msct72n,25179653854,2026-08-27T19:20:21.503Z,"Legend is a great movie, Tim as Darkness simply spectacular, Yes in the soundtrack the cherry on top.",['en'],TRUE,FALSE,great movie,1,1
did:plc:ovjbopdq3qtw4tvgewpthd74,25179656311,2026-08-27T19:20:27.072Z,you finally watched it!,['en'],TRUE,FALSE,finally watched,1,1
did:plc:w4ijifl2maibmx3cxxfsp53o,25179671806,2026-08-27T19:20:37.556Z,"I saw this movie late at night in college on the Athens, Ohio public access channel just pretty much played any tapes you sent to them. It was one of the most glorious surprises of my life. If you can find it, watch yourself some Wild Zero.",['en'],FALSE,TRUE,movie,1,1
did:plc:spaibk544r4sw7jlnfhktgei,25179707643,2026-08-27T19:21:51.764Z,Just watched! Great vlog. That dog does remind me of miss fluffy butt! Glad you & Dan had fun.,['en'],TRUE,FALSE,just watched,1,1
did:plc:cleamd24uc2l45mcdozamu2u,25179720469,2026-08-27T19:21:53.813Z,"Just need to say, The Wolverine (2013), is the worst movie i've ever seen.",['en'],FALSE,TRUE,movie,1,1
did:plc:e27vrei5wmbfhgtvi4mvdtmd,25179748730,2026-08-27T19:23:06.422Z,There’s a part in the Spring chapter where Masaki Suda channels Masato Hagiwara in Cure so fucking terrifyingly I thought the movie was going in a completely different direction. REALLY cool performance. It’s just a really cool movie.,['en'],FALSE,TRUE,movie was,1,1
did:plc:jr2us3xqe3mpa7lpba5dtsen,25179768694,2026-08-27T19:23:53.819Z,"Such a great movie, destined to be a classic that holds up for decades!",['en'],TRUE,FALSE,great movie,1,1
did:plc:k6syqg577dr3nyrsevahuqmj,25179775575,2026-08-27T19:24:08.442Z,Oh wait just saw the screenshots nvm (I love that movie!),['en'],TRUE,FALSE,just saw,1,1
did:plc:idmwo3ui5yfevmhueg454rzh,25179837557,2026-08-27T19:26:29.657Z,"Coyote vs. Acme is easily the best feature film starring the Looney Tunes characters: a funny, clever dissection of the relationship between two classic characters, an amusing courtroom farce, and the best live-action/cartoon combination since Roger Rabbit. Highly recommended for adults and kids.",['en'],FALSE,TRUE,film,1,1
did:plc:rwwzozm4e7yrijf4jmwmheog,25179844616,2026-08-27T19:26:46.815Z,"It’s my actual favourite film👍

Although the bran would make me  more regular….",['en'],TRUE,FALSE,film,1,1
did:plc:bba66nmxjigejfew6m2upuhg,25179866927,2026-08-27T19:27:31.058Z,"When I was younger I watched Duel & hated it, when Liam Neeson did that Cold Pursuit movie I gave the idea another go & still hated it, and here I am today watching the hell outta some poor bastard on the run from a snowplow with his goldfish & this shit is wild",['en'],FALSE,TRUE,movie,1,1
did:plc:zgg4jd2fr3kt5ptahhcj33sb,25179872174,2026-08-27T19:27:49.766Z,"(just watched a table read, I didn't work on the show or anything like that)",['en'],TRUE,FALSE,just watched,1,1
did:plc:obsw3rforhyafqr2qihqmywa,25179881886,2026-08-27T19:28:12.343Z,One of the best films ever made,['en'],TRUE,FALSE,film,1,1
did:plc:pmyfeh6en6wcgo5a2nxiqdx6,25179897972,2026-08-27T19:28:46.100Z,"I just watched through the Transformers movies earlier this week man...and yeah Optimus was the highlight of any of them, minus Bumblebee, that one was cute and didn't need him to carry it..but damn..

I still remember when a friend blew my mind by going, ""You know Eeyore is Optimus Prime right?""",['en'],FALSE,FALSE,just watched,1,1
did:plc:ev5qqkwvvxzatzx66tdexdno,25179924974,2026-08-27T19:29:48.012Z,"Hope you have fun with the viewing party! 👀

I loved it! Such a fun movie with a fantastic cast ❤️",['en'],TRUE,FALSE,movie,1,1
did:plc:d6jpn5znb7g6iwhimlb5fbrh,25179933546,2026-08-27T19:30:06.812Z,"Watching one of the worst movies of my life, The Void. Absolute trash. 🙄",['en'],FALSE,FALSE,movie,1,1
did:plc:taahdukvpj4s4pq7nvhfmlkq,25179938820,2026-08-27T19:30:17.387Z,"Just finished watching the big GTA VI video on Netflix. Game looks very polished, but ultimately more of the same. It's been 13 years, maybe I'm just not the target demographic any more. I am feeling like replaying GTA V though, haven't done that since it came out",['en'],FALSE,FALSE,just finished watching,1,1
did:plc:u4i4lvy6bug7ol5o7x6ve4ur,25179955797,2026-08-27T19:30:54.555Z,Maya I saw this movie before but only once because I was high and it was rather mediocre and certainly not anyone's finest work,['en'],TRUE,TRUE,movie,1,1
did:plc:g4vr5bmjlwlb24p3hmqozrq6,25179973988,2026-08-27T19:31:34.109783Z,Just watched GTA 6: An Extended Look. Absolutely unreal.,['en'],FALSE,TRUE,just watched,1,1
did:plc:6xz6qxzwtr2g3aldy5ibiu2q,25179982452,2026-08-27T19:31:53.604Z,just saw Bryce Harper at Disneyland lol,['en'],FALSE,FALSE,just saw,1,1
did:plc:gwy2mxwyw5fjz2mniixeafaj,25180349515,2026-08-27T19:32:06.492Z,"holy crap gta 6 looks amazing, just finished watching the extended gameplay trailer on netflix and i can’t wait to play it. can’t get over the fact that there’s someone named boobie though",['en'],FALSE,FALSE,just finished watching,1,1
did:plc:kdte33f2g2252lw3cll4qrsy,25180353328,2026-08-27T19:32:13.740Z,"(went to the cinema to watch this next entry on SUNDAY, and I'm only getting to writing about it now, so much for us in the Uk getting it early)",['en'],TRUE,FALSE,cinema,1,1
did:plc:j7mcwnkjecbncepgyah7g2yx,25180353377,2026-08-27T19:32:14.547Z,"I didn't realize the GTA VI trailer thing was today until I just saw a bunch of posts about it, know that my disinterest is extremely real",['en'],FALSE,FALSE,just saw,1,1
did:plc:b3rj7qbgb4i4rtidn7nwb7uc,25180354329,2026-08-27T19:32:18.286Z,"Watched the first episode of the GTA6 reveal. Is it even allowed to say... I'm not impressed? 😅 

Like, yea it looks very good & seems fun. I hope everyone will have a blast playing. But given all the hype I'm like... Ok, it's a good open-world-game with strong cinematography, but that's kinda it?🙈",['en'],FALSE,FALSE,cinema,1,1
did:plc:nqg4h6dp75idg4j24olwl3hy,25180362282,2026-08-27T19:32:33.131Z,"just finished watching the gta 6 gameplay reveal on netflix, i can’t wait to get my hands on this game in november.

#gamesky",['en'],FALSE,FALSE,just finished watching,1,1
did:plc:3oql2pn775igix25hexefuzv,25180367420,2026-08-27T19:32:44.156Z,I saw a movie about that once… should I be worried?,['en'],TRUE,FALSE,movie,1,1
did:plc:n4765ftlk5sxhgd5low6rqbd,25180369666,2026-08-27T19:32:48.707Z,my favorite marvel movie this year was Odyssey,['en'],FALSE,FALSE,movie,1,1
did:plc:k6syqg577dr3nyrsevahuqmj,25180381385,2026-08-27T19:33:12.634Z,"This is my intent! I hope you appreciate (I can't say that it'll be for everyone, but it's absolutely worth trying). One of my favourite horror movies ever, and I've only watched it twice.",['en'],TRUE,FALSE,movie,1,1
did:plc:4jzmz2yfpitfqqia6lpzdl3m,25180383650,2026-08-27T19:33:19.246Z,ITCoW was one of my favourite films as a youngster.,['en'],TRUE,FALSE,film,1,1
did:plc:qsnigllgixzj3o6yumocoy4f,25180395422,2026-08-27T19:33:45.556Z,He did indeed say it. Just watched it.,"['en', 'cs']",TRUE,FALSE,just watched,1,1
did:plc:mxlqabtvqcnvysm627dmid2c,25180403676,2026-08-27T19:34:02.784Z,*swoon* possibly my favourite film score.,['en'],TRUE,FALSE,film,1,1
did:plc:fgj4wrm334czus5veq65d5jt,25180405788,2026-08-27T19:34:09.088Z,"GTA 6 looks absolutely insane.

I can’t even fully comprehend what I’ve just watched.

The world, the visuals, the gameplay.. it looks unbelievable.

Rockstar have cooked big time.",['en'],FALSE,FALSE,just watched,1,1
did:plc:ed3ftrxubmjjgkzm4ax7cz2q,25180411555,2026-08-27T19:34:22.024Z,"vivi had me watch rocky horror last night because of the passing of tim curry (rest in peace) + apparently it's baffling that i specifically haven't seen it. (fun fact about that in the replies LOL)

i liked it.... but i didnt? genuinely the most confused i've felt about a film in a long time.",['en'],FALSE,FALSE,film,1,1
did:plc:mgo4c3bw5jt6ntcm2p3xwbev,25180411644,2026-08-27T19:34:20.803Z,"Just watched the Netflix GTA6 reveal... Holy smokes!

The game to end all games? Extremely impressive!

#Wgames",['en'],FALSE,FALSE,just watched,1,1
did:plc:5ytjdmopnvpzu3ap6caaa2n7,25180414419,2026-08-27T19:34:25.859Z,I just came out of the theater.  It’s insane they tried to bury this. EASILY the funniest Looney Tunes movie. Easily the best cartoon live action hybrid since Roger Rabbit. Go have a great time.,['en'],FALSE,TRUE,movie,1,1
did:plc:yogxptsnznt5mjkp3m2aq3hk,25180471274,2026-08-27T19:36:32.736Z,I just watched the GTA6 trailer thing on Netflix and it really does make me miss visiting the States!,['en'],FALSE,FALSE,just watched,1,1
did:plc:3oknvu3jw6g746rmyet5mkix,25180472408,2026-08-27T19:36:35.410Z,just watched the grand theft auto trailer and i can confirm: it’s grand theft auto,['en'],FALSE,FALSE,just watched,1,1
did:plc:mlrnwzx6idwxagkbqjrzl5to,25180479923,2026-08-27T19:36:54.577Z,I remember when I watched the movies with my roommate in college.  She cried during the funeral scene during movie 2 because it hit her just how many characters had died,['en'],TRUE,FALSE,movie,1,1
did:plc:pbdu333to4oemplnnnlgtrxy,25180482224,2026-08-27T19:36:49.592Z,COYOTE VS ACME is really wonderful. The idea that this movie almost got evaporated as a tax write-off scapegoat is so insane to me that I wish people had gone to jail for even trying. Go see it. Take your kids.,['en'],FALSE,TRUE,movie,1,1
did:plc:zozabgcjnllmmvqfh7744jdq,25180504928,2026-08-27T19:37:47.707Z,"Watched 'Coyote vs. ACME' this afternoon.
A great movie, regardless of its status as a survivor of a shitty studio system. Very charming and fun, and the best Looney Tunes feature to date, but the CG fill-in animation for the cartoons does spoil the ride a bit.
letterboxd.com/1thestickman...",['en'],FALSE,TRUE,great movie,1,1
did:plc:7k3k6xbx7u7q46w27esx6ivm,25180508304,2026-08-27T19:37:56.505Z,"Just watched GTA VI: An Extended Look.
OMG the gameplay graphics are AMAZING. Well worth the wait. 
It's supposed to be on R* YouTube channel at 3PM PST today.

#GTA6 #DaddyNeedsANewDesktop",['en'],FALSE,FALSE,just watched,1,1
did:plc:snlzjs462n5rov5mgryd7yps,25180512669,2026-08-27T19:38:07.111Z,"Bette Davis at her best.

My mom and I watched this every Mother’s Day, which is funny because the mom in this movie is terrible.",['en'],FALSE,TRUE,movie,1,1
did:plc:l4yd65v7hem3eraumehafk2y,25180513715,2026-08-27T19:38:10.064Z,"I'm serious. BRIGSBY BEAR is, to quote one of its positive reviews, ""sweet and deranged."" It's a funny, gentle film about the main character learning that he's been lied to his entire 25-year life, and what he does to deal. I saw it in 2017 and it's stayed with me.",['en'],TRUE,FALSE,film,1,1
did:plc:3kcavungy2mcfedewxlqgtmq,25180527164,2026-08-27T19:38:40.804Z,Just saw season 2 of The Gentleman premiers next week and having both him and reacher to drool over at the same time could be too much,['en'],FALSE,FALSE,just saw,1,1
did:plc:dgpxpzvhqors4td5sh4vjabf,25180529540,2026-08-27T19:38:46.248Z,RIGOLETTO I loved this movie,['en'],FALSE,TRUE,movie,1,1
did:plc:2kkivvgrclbwk3gtdmbnkuvy,25180654718,2026-08-27T19:39:34.723Z,"thanks for everyone fighting so hard for this movie, i just saw it and its FILLED with love for classic animation and comedy
genuinely a great movie",['en'],TRUE,FALSE,just saw,1,1
did:plc:kdte33f2g2252lw3cll4qrsy,25180658243,2026-08-27T19:39:40.344Z,"🎬 Coyote vs. Acme (2026)

I’m so glad this movie released! Many movies now are big and grand, but this one is just a lotta simple fun! But there still are some deeper undertones and meanings, and it adds some vast lore to the Loony Toons universe.",['en'],TRUE,TRUE,movie,1,1
did:plc:pjupc7s3pfly4c3cjw7wqjav,25242194486,2026-08-29T12:30:49.002Z,"The new Insidious film is thin on plot & character development, but the scares are the best of the franchise.",['en'],FALSE,TRUE,film,0,1
did:plc:j36sjqpx3rqafuooi7lqi4a7,25241431245,2026-08-29T11:50:19.227Z,"Just watched Minority Report for the first time in ages. I was surprised how much I didn’t remember! I didn’t think the jet pack chase/fight scene held up so well, but the rest of it was still good. Colin Farrell played his part very well.",['en'],FALSE,TRUE,just watched,1,1
did:plc:wphamvdf3oxhyawuwcylc2t6,25241458413,2026-08-29T11:52:11.609Z,"Binge watched every episode of Chainsmoker Cat today and somehow it is equally worse and better than people make it out to be. I don’t know if I can recommend it, but as a piece of art and commentary on addiction and racism it’s actually worth a peek.",['en'],FALSE,FALSE,binge watched,1,1
did:plc:fe3uxwmamtglb5pq7jjultit,25241475252,2026-08-29T11:53:08.376Z," ‎ ‎ ‎ ‎ ‎ ‎ 

[ NOT CANON. ]

‘ ‘ kris just watched lesbian space princess. ‘ ‘ 

( they were filled with the sudden urge to just let the roaring happen. ) 

 ‎ ‎ ‎ ‎ ‎ ‎",['en'],FALSE,FALSE,just watched,1,1
did:plc:xsssm3tonxoto3v7gl4pbwxx,25241477267,2026-08-29T11:53:13.743Z,Literally just watched this on a flight to Singapore. Holds up well.,['en'],TRUE,FALSE,just watched,1,1
did:plc:es426jzwteawskn5ju57bxus,25241482298,2026-08-29T11:53:31.647Z,"Just watched the for the first time this week (because of Curry, natch) and thought Robin Johnson was great. What happened to her?",['en'],TRUE,FALSE,just watched,1,1
did:plc:a2p36nfbobly2lxllgiscbm4,25241875741,2026-08-29T12:14:34.811Z,People say everything mashes together after 2000 - like decades had distinct aesthetics until 9-11 and then *blur* - but I just watched a video from the 2000s and you can tell it's from the 2000s because some people still sometimes had a spark of joy in their eyes.,['en'],FALSE,FALSE,just watched,1,1
did:plc:ffb4dr7b2tq7vgbiwgfzblv6,25241905098,2026-08-29T12:16:01.681Z,"How honest. 

Just watched our namesake film. Why hadn't I seen it before? It's a triumph.",['en'],TRUE,FALSE,just watched,1,1
did:plc:jr2us3xqe3mpa7lpba5dtsen,25241909441,2026-08-29T12:16:19.203612+00:00,"Just watched Nomads (1986) and rated it 1 stars on Letterboxd: https://letterboxd.com/splend/film/nomads/

#FilmSky

Post made with @letterboxdposter.finiteui.com",['en'],FALSE,TRUE,just watched,1,1
did:plc:66jwks2nthrs2usdf2l4p3nd,25242093928,2026-08-29T12:25:51.812Z,"Just watched CARRIE for the first time in years. It's great. It rockets along – it's a movie that's about half-setup, half-climax!",['en'],FALSE,FALSE,just watched,1,1
did:plc:c4suvh4debabectlunxkg2of,25242163918,2026-08-29T12:29:17.221Z,Great film. Saw it blind at the London Film Festival (solely because it was set on a train) and it really impressed me.,['en'],TRUE,FALSE,great film,1,1
did:plc:nmmmqzrurdv3aipb73ohtkgp,25242333956,2026-08-29T12:37:50.684Z,I've just finished rewatching Avatar: The Last Airbender and I'm amazed at how subtle the writing is in comparison to a lot of other mainstream entertainment. Characters have complex motivations. Some of them aren't explicitly stated. Amazing stuff.,['en'],TRUE,FALSE,rewatching,1,1
did:plc:daojiaigxr62ib2khk3b7vu7,25242366523,2026-08-29T12:39:29.366Z,"Yeah, I'm late to the party, but I just watched the Netflix #GTAVI extended look.

Let's be honest: whoever disses the gameplay shown either isn't the target audience, outgrew GTA, or has unrealistic expectations.

It's GTA V, but more cinematic, and it looks better. What's not to like? 
#gaming",['en'],FALSE,TRUE,just watched,1,1
did:plc:xqjvwp2ffiezqllzog5asjqx,25242401234,2026-08-29T12:41:15.022Z,"We just watched the original movie again and it still has so many good laughs.  But most of them come from Martin Freeman who isn't in this.

So.....this doesn't look funny at all.",['en'],FALSE,TRUE,just watched,1,1
did:plc:lzw4cqzkm3ck5gu7y7kc7sht,25242438614,2026-08-29T12:43:08.573Z,Rewatching the series for the fourth time now and this is the one that pissed me off more than any of them. Like absolutely wretched how they handled the character.,['en'],TRUE,FALSE,rewatching,1,1
did:plc:vtnwnenszbp72ovpewilstiy,25242459262,2026-08-29T12:44:08.838Z,"After rewatching it again and ooooh boy it gave me goosebump and nearly teared up near the final act. 

Still waiting to see if they'll do more to finish the series.",['en'],FALSE,TRUE,rewatching,1,1
did:plc:2ungns7ouui4zuygvkkvbe4r,25242691092,2026-08-29T12:55:36.921Z,"Prisoner of Azkaban is genuinely a great movie, would be one of the best family films were it not for her.",['en'],TRUE,FALSE,great movie,1,1
did:plc:mf4yssqbgk5hthyp45acsohy,25242821091,2026-08-29T13:01:47.888Z,"I think it’s a great film and probably Tarantinos best, the script is brilliant and as an alternative history of WW2 it ticks all the boxes whilst being highly entertaining",['en'],TRUE,FALSE,great film,1,1
did:plc:hpmrxxsdfn5ugrwuco7j5ozf,25242888414,2026-08-29T13:05:02.839Z,So i finally watched the end of Kamisama Kiss… these five episodes were the ovas that everyone had to pirate? I thought ovas were movies? And we’re missing the final one? AND THEY CHANGE THE WHOLE TONE OF THE STORY WHY WERE THESE KEPT FROM US??? I have only slightly less questions than ever,['en'],FALSE,FALSE,finally watched,1,1
did:plc:77og2k7ddnnd73grocld2l5h,25243018195,2026-08-29T13:11:08.697Z,"I'm rewatching the totally ignored Astro Boy anime from 2003 and boy is it relevant.  

And i think the cat is out of the bag, folks.",['en'],TRUE,FALSE,rewatching,1,1
did:plc:bqbqp6gxxy4mnjhc43omxbck,25243075675,2026-08-29T13:13:52.464Z,"Not everything can be TDK, but I'm not even asking for that. After recently rewatching that trilogy, Spider-Man 2, Matt Reeves' The Batman and so on, all of these things just lap Brand New Day several times over. Even Spider-Man 3 of all things feels structurally and emotionally better than this.",['en'],TRUE,FALSE,rewatching,1,1
did:plc:vofnsquf2w6xfihrrwnmpogo,25243094215,2026-08-29T13:14:45.225Z,"Finally watched Coyote vs. Acme last night.

Good stuff! Had a smile on my face throughout the whole thing. Go give it a watch!",['en'],FALSE,FALSE,finally watched,1,1
did:plc:wo4s76bthvrwad5onbpbu7we,25243259764,2026-08-29T13:20:13.766Z,"Curry was brought in last minute because they were worried about not having a bankable star, and he filmed all his scenes in a couple days. 

Great movie. Peak Tim Curry power.",['en'],TRUE,FALSE,great movie,1,1
did:plc:vt6x4iverrvf2rajnifs3ibm,25243262097,2026-08-29T13:20:19.742Z,Just watched that one the other day and it really is crazy just how well it holds up… sadly,['en'],TRUE,FALSE,just watched,1,1
did:plc:xbmcfbuhag3kwmbwwhtjquey,25243263265,2026-08-29T13:20:23.391Z,"I just watched episode one last night, thanks for the warning that I may not want to continue.",['en'],TRUE,FALSE,just watched,1,1
did:plc:pupv7njrs3l674ovvzgdniqk,25241581907,2026-08-29T11:58:59.911Z,"Coyote v. Acme spoiler:

The best line in the movie was “beep beep”, I really felt it ❤️",['en'],FALSE,FALSE,movie was,1,1
did:plc:622rweb5hy6mthccvj6wjogd,25241600367,2026-08-29T12:00:01.806Z,"27. Pirates of the Caribbean: Dead Man's Chest - rewatch 🪎

I forgot how racist the beginning of this film was. Huh. That sucks. Also fuck the obvious people on this film! 

Showed my partner the first a bit ago and finally back to it. Davy Jones is still the best CGI has accomplished",['en'],TRUE,TRUE,film was,1,1
did:plc:66rvuyqvpcd7gvu7q25y7od3,25241630978,2026-08-29T12:01:31.449Z,"Yes this movie was great, and hilarious. I love Chris Hemsworth showing off his comedy chops too.",['en'],TRUE,FALSE,movie was,1,1
did:plc:q4g5izzathf5uas6ehoq6xko,25241646767,2026-08-29T12:02:16.639Z,"Just had the new UK 4K UHD Steelbook of - 28 Days Later - arrive from ZAVVI

I know there's some divisive opinions on this release being done given how the film was originally shot.

But at least it's available on Physical Media again.

@ultrahdbluray.bsky.social  #CelebratePhysicalMedia",['en'],FALSE,TRUE,film was,1,1
did:plc:ezqykpasx3qayu7duku6mh4t,25241699042,2026-08-29T12:05:12.601Z,Embracing human-made imperfect art -- the unexpected side effect of AI. I am pleased that this film was able to get a cinematic release!,['en'],FALSE,TRUE,film was,1,1
did:plc:6nffja73udyha7gaep5bv5te,25242231012,2026-08-29T12:32:36.695Z,"The second half of the movie was really good. While Pearl is by far my favorite of the trilogy, I liked the third movie's climax the most. The Hollywood vibes were nice, too, and it made me feel nostalgic for Mulholland Drive despite being so different.",['en'],FALSE,TRUE,movie was,1,1
did:plc:xdmrssx67g4mjhhcvqjefavz,25241424563,2026-08-29T11:50:16.879Z,Same feeling. That was the first movie that made me cry.,['en'],TRUE,FALSE,movie,1,1
did:plc:afw6a3bsvdi4yy3v3nu5qyws,25241510629,2026-08-29T11:55:05.102Z,god damn it this movie is so sad,['en'],TRUE,FALSE,movie,1,1
did:plc:jwgclvhnoppxariiyxdnclcc,25241550833,2026-08-29T11:57:18.914Z,"Strangers On A Train is one of my favorite movies, period.",['en'],TRUE,FALSE,movie,1,1
did:plc:wevivbwusr7m5ovkt5qjx4yj,25241603854,2026-08-29T12:00:11.344Z,I need to rewatch this because none of the plot description is coming to mind. But yeah it wasn’t a *bad* time at the movies.,['en'],TRUE,FALSE,movie,1,1
did:plc:fmfh3vzcttiwfkoc73qj6h7p,25241674902,2026-08-29T12:03:52.964Z,"My Favorite Movie.
Brilliant Cast, Acting
Brilliantly.",['en'],FALSE,TRUE,movie,1,1
did:plc:bjdjomgx7t7f3agie7ndvosb,25241726998,2026-08-29T12:06:43.138Z,"One of my fav movies is a very problematic, outdated queer musical. I watched it because it was recommended by trans people

There’s a difference between a problematic but otherwise good portrayal and just plain bad",['en'],TRUE,FALSE,movie,1,1
did:plc:5lyrol4fdf5k3p4owzb5vfs5,25241730152,2026-08-29T12:06:53.989Z,"In light of recent developments (tinyurl.com/2wvar7jh), I just rewatched Alex Garland's 2014 movie ""Ex Machina.""
tl;dr  The good news is that the A.I. passes the Turing test. The bad news is that the A.I. passes the Turing test.",['en'],FALSE,TRUE,movie,1,1
did:plc:drpvlgyzlefai43olmiqfmz6,25241820939,2026-08-29T12:11:41.846Z,camp miasma movie of the year for furry freaks like me,['en'],FALSE,FALSE,movie,1,1
did:plc:brc5vpblkzwatwnyivb4n6bu,25241846471,2026-08-29T12:12:58.089Z,"I can't think about this movie without hearing how my oldest kid (who loved it) used to pronounce the title: tre-MORs (emphasis on the second syllable, which rhymes with smores)",['en'],TRUE,FALSE,movie,1,1
did:plc:efq6vf6arpm4xs4fk6bphhos,25241953871,2026-08-29T12:18:36.943Z,Saw it last night.  Really awesome movie.,['en'],TRUE,FALSE,movie,1,1
did:plc:qzbqkkuggpxf4lrd3ijoc3t6,25242017274,2026-08-29T12:21:53.032Z,"The Wolfman (2010)

5/10
🌕🌕🌕🌕🌕💀💀💀💀💀

A strong start with beautiful effects. One of the best-looking werewolf designs and transformations. The second half of the movie is boring, loses its tension and turns into an overcomplicated action film. It overshadows Talbot's struggle with his tranformations.",['en'],FALSE,TRUE,movie,1,1
did:plc:dbow6vmibunupp2k4bpajfvi,25242059856,2026-08-29T12:24:06.599Z,"Saw Coyote vs Acme last night. That was some of the most fun I’ve had at the movies in a long time. It’s a labor of love for the Coyote and Roadrunner shorts and the Looney Tunes in general. If you haven’t seen it, get tickets. It’s a blast.",['en'],FALSE,FALSE,movie,1,1
did:plc:ktcpqchwhext3htwlfowr6pq,25242074046,2026-08-29T12:24:50.376Z,"Coyote vs. Acme was a wonderful movie; a worthy spiritual successor to Who Framed Roger Rabbit, an unconditional love letter to the Looney Tunes and classic cartoons in general, and just full of equal amounts of heart and laughs. I highly recommend it and it's bewildering that it was nearly shelved.",['en'],FALSE,FALSE,movie,1,1
did:plc:6asa2ztpcd4ncerqmwrsylj3,25242131655,2026-08-29T12:27:45.698Z,"AMC is showing Casino right now. It's one of my favorite movies, and I've seen it probably 6 times, but I'm not sure that the best time to watch (spoiler) someone get beaten nearly to death, then be buried alive, is 7:30 am.",['en'],FALSE,FALSE,movie,1,1
did:plc:quskqtfcjzspo2hnflhz6v4g,25242227841,2026-08-29T12:32:27.692Z,"It’s so good! And I was happily surprised that it has English subtitles. Wasn’t expecting that in China. When I saw the Tan Jianci lawyer movie last year, it didn’t have English subtitles",['en'],TRUE,FALSE,movie,1,1
did:plc:alqbhkeswgqkrunutjnmxscm,25242246600,2026-08-29T12:33:23.727Z,"I watched Steel Magnolias.
I wouldn’t have watched this if I knew what it was about. I don’t know how anyone could have sat through this movie knowing what it was about.

Dolly and Gidget deserved Oscars, someone should write a wonderful story about how Jackson’s life turned out",['en'],FALSE,TRUE,movie,1,1
did:plc:b7ex4fuo66xhs3534lrimoww,25241535128,2026-08-29T11:56:25.164Z,I think he's churning them out too quickly. Gladiator 2 must be one of the worst films of the 2020s. The Last Duel was pretty good.,['en'],TRUE,FALSE,film,1,1
did:plc:m5jcpo4hy7pnkqggqwfs7h3u,25241700707,2026-08-29T12:05:16.931Z,"Just saw Coyote vs Acme - an absolutely hilarious, joyful movie. Warner Bros was utterly deranged to try to bury it. See it in cinemas while you can!

youtu.be/H-43VeYGiPM",['en'],FALSE,TRUE,just saw,1,1
did:plc:m6vfgm34bnuel3cy2fm4vimq,25241835512,2026-08-29T12:12:27.426Z,"First trip to cinema in 3 months due to op,we watched Ridleys latest The Dog Stars.
Really enjoyed it,it's quite a slow beautiful look at a post apocalypse.
Its lower tier Ridley and has a segment in the third act that seems it's from a very different film.
Solid 7/10,Josh Brolin steals the film.",['en'],FALSE,FALSE,film,1,1
did:plc:c5zwynqf3tf25pt24gvdxa3i,25241907467,2026-08-29T12:16:08.836Z,"HAPPY TOGETHER (1997)
Had the chance to catch this on the big screen, and what a film that was. Excellent vibes and great colours, and what a depiction of toxic love it is. Beautiful, melancholic and ever drifting in the wide world of relationships. Highly recommended.",['en'],TRUE,TRUE,film,1,1
did:plc:f5o6isbxh5xr237qjdedwb7s,25242084838,2026-08-29T12:25:22.578Z,"it's an incredible piece of work, he manages to wring so much tension out of it. even today i feel like i'm the one about to explode in some scenes. exorcist is one of the best horror films ever, but i reckon sorcerer scares me more.",['en'],TRUE,FALSE,film,1,1
did:plc:r56h2rryddxbefhbemp5vcjq,25177041005,2026-08-27T17:48:21.085Z,"Netflix movie time. 
Creed
PG-13 2015 ‧ Sport/Action ‧ 2h 13m
www.imdb.com/title/tt3076...",['en'],FALSE,TRUE,movie,0,0
did:plc:2lemmmczejwp4gqgkwj3hb2w,25177041016,2026-08-27T17:47:27.477Z,"🫎

#photography #filmphotography #analogphotography #blackandwhite #blackandwhitephotography #kentmere #graffiti #cyprus",['en'],FALSE,TRUE,film,0,0
did:plc:32bej6vntvbtzd34yqogxk3v,25177041032,2026-08-27T17:48:22.288Z,And Another Thing: The Movie...,['en'],TRUE,FALSE,movie,0,0
did:plc:s6rmzb4pah2ybpfztqcqmklj,25177042507,2026-08-27T17:48:25.948Z,"Vacation, at last: Between too much work, crush on co-worker, helping my mom through cancer (she's fine), getting our house back in order after a pipe failed and flooded it, and maintaining my daily life, I'd say it is needed. I'm not going anywhere, just errands, a movie, and the Nats on Sat.",['en'],FALSE,FALSE,movie,0,0
did:plc:gid2lmpyzqdcdqz4q2ze4g5n,25177042623,2026-08-27T17:48:25.411Z,"You reply that to someone who told Ridley Scott to go fuck himself because of one thing he said years ago.

I think that says more about my attitude to movies more than “I don’t think people would get off their bums to pay to see a movie in the cinema is the same effort needed for streaming”",['en'],TRUE,FALSE,movie,0,0
did:plc:nuqdrq6ht6xhshjcesa5izq7,25177045121,2026-08-27T17:48:32.471Z,"Plan a horror fest using only your first name.

Cabinet of Dr. Caligari
Rosemary's Baby
It Comes At Night
Midsommar
Skinamarink
Obsession
Nope

(S was perhaps the most I struggled trying to pick ONE film omg)",['en'],FALSE,TRUE,film,0,0
did:plc:mc2czcamqjg2n6dng7ukucu4,25177046191,2026-08-27T17:48:31.286Z,"What’s your faction? 

wildwoodmovie.com #Wildwood #Laika",['en'],FALSE,TRUE,movie,0,0
did:plc:ct2u2ve3sbkg42uepim2upls,25177047570,2026-08-27T17:48:36.683Z,Jason Statham has been giving us some bangers our whole lives…I remember I had the Crank ring tone for a solid year after the movie.,['en'],FALSE,FALSE,movie,0,0
did:plc:d5akhzeoymhn2gnkinglf26b,25177048323,2026-08-27T17:48:36.977Z,"my dumbass has had my messages awf but they're on now! 
You can message me about a custom video/nudes and I'd be happy to film you something! 🤠 
I like making fantasies come to life with nothing but my body",['en'],FALSE,TRUE,film,0,0
did:plc:gtqmlhl2mvhdztfzuiowjvn6,25177048827,2026-08-27T17:48:40.744Z,não ironicamente eu já fiz isso c meu namorado... coitado passou 2 horas me ouvindo explicar que super onze é cinema puro com eu no colo dele kkkkkkkkkkk,['en'],FALSE,TRUE,cinema,0,0
did:plc:wluij6gvj5utgslqnnxbwmg7,25177051067,2026-08-27T17:48:44.840Z,"Thando Mgqolozana (with scenes from the film ""The Wound"", adapted from the Mgqolozana novel ""A Man Who is Not a Man"") - BOTD",['en'],FALSE,TRUE,film,0,0
did:plc:7mz4dlnc6pgupijjv45wbvbz,25177052150,2026-08-27T17:48:47.284Z,"I’ll be searching for this one

I mean Wayne Newton?

Feeling sick after watching part of IT, Tim Curry

White boys using the N word while they chase a black boy thru the neighbourhood is more FAR disturbing & sickening than Pennywise

This is why movies need remaking",['en'],TRUE,FALSE,movie,0,0
did:plc:uxzjqz4lpfpchhxuazjh2txh,25177052672,2026-08-27T17:48:44.827Z,chat.whatsapp.com/DGY74DStAWqA... we now have a whatsapp group to join for free have fun share only weather pics n vids and share your stories of ur passion in weather storm chasing filming and being out there for fun and if people need to be saved then we try our best but thats what 999 is :D,['en'],FALSE,TRUE,film,0,0
did:plc:sjz5k4usap7rrjfjr6afobih,25177053152,2026-08-27T17:48:49.584Z,"the cuntiest, pettiest android. watching those two movies through his perspective makes them *SO* much better.",['en'],TRUE,FALSE,movie,0,0
did:plc:lczxpzzpvwc2d6ye5phokxhc,25177054363,2026-08-27T17:48:52.811Z,"Downgrade a movie:

Bad Unalive",['en'],FALSE,TRUE,movie,0,0
did:plc:rcr22isvwjrujh32s2wwwfax,25177056128,2026-08-27T17:48:53.480Z,"This video is a condensed version of the article I wrote through tears, but I knew it would get more attention as a video because no one reads anymore. 

www.slashfilm.com/2245117/why-...",['en'],TRUE,TRUE,film,0,0
did:plc:wfflno33572d7prsyu3jjrov,25177061363,2026-08-27T17:48:53.759Z,"So, I know the news of Peter Cullen’s passing is something we’re all trying to come to terms with.  But, I think we’re all in agreement that this “Apology Tour” for the G1 Transformers movie’s 40th anniversary went from just being unfunny to completely tasteless & Hasbro needs to drop this campaign.",['en'],FALSE,TRUE,movie,0,0
did:plc:acpi4wwajrvfxmb3l2rjuf7w,25177062599,2026-08-27T17:49:08.818Z,These two actors from Home Alone have died. There's a cameo  appearance in this movie of another 80 year old that's still with us. Could it be possible!?? These sort of things do come in three's. Just maybe..,['en'],FALSE,TRUE,movie,0,0
did:plc:vtvjjoq3qnsgrlof6nofd7eo,25177070478,2026-08-27T17:49:28.233Z,"check out CIRCLES, my ""vibe-heavy"" short film about circularity, crafting digital images, the passage of time, and various other meditative bits and bobs, now about three years young",['en'],FALSE,TRUE,film,0,0
did:plc:o2lgob7whqsvpteyei5nzu53,25177072370,2026-08-27T17:49:30.707Z,Alice in Wonderland (2010) Film 335 of #AllDisneyMoviesOrBust,['en'],TRUE,TRUE,movie,0,0
did:plc:h2zoc2hp26m47cddyvti4ehe,25177080581,2026-08-27T17:49:50.875Z,I have enough movies I have to rewatch in memory of great people this week already!,['en'],TRUE,FALSE,movie,0,0
did:plc:54pidxqo6pmoff2mocxxrq56,25177084013,2026-08-27T17:49:58.871Z,Just saw the announcement that the NFL has killed the Pro Bowl. Had to happen and glad the NFL finally came to terms with it. Naming two Pro Bowl teams and being done with it was a solution I felt they should have adopted years ago.,['en'],FALSE,FALSE,just saw,0,0
did:plc:tc3c3qrr76sf6cwidc5r5fel,25177084304,2026-08-27T17:49:58.894Z,"Downgrade a movie:

Mild Fixation",['en'],FALSE,TRUE,movie,0,0
did:plc:zfgi64dy3ter4xevcmt4t2wx,25177085162,2026-08-27T17:49:53.010Z,"Find out more about the PRIMETIME screenings at the VENICE FILM FESTIVAL and buy your tickets NOW!
There are two public screenings:
September 5th 2026 at 17:00hrs and September 6th 2026 at 17:00hrs. Buy your tickets here: www.labiennale.org/en/cinema/20...",['en'],FALSE,TRUE,film,0,0
did:plc:6q5ygzzha3dkmgqpfatp5rrn,25177092227,2026-08-27T17:50:16.714117Z,"Radio C - Cinema e Cultura: Caravan - Silver Strings!

Ouve no nosso Website: https://radio-c.org",['en'],FALSE,FALSE,cinema,0,0
did:plc:yi24vb45glu5hwl765pyluqt,25177093406,2026-08-27T17:50:18.818Z,"At the academy awards, she sings her song nominated song ""Traveling Through"" from the movie TRANSAMERICA.

m.youtube.com/watch?v=kazT...",['en'],FALSE,TRUE,movie,0,0
did:plc:27xv47pgxzvl7esuftwlelrz,25177095093,2026-08-27T17:50:23.477Z,"Banshee: Oh, boy...hang in there. I just saw another forecast for next week showing that the heat here will definitely be on again next week!",['en'],TRUE,FALSE,just saw,1,0
did:plc:tdbrbkpleza722bnqrooh5mv,25177095362,2026-08-27T17:50:23.082Z,"Wild this is happening to so many of us! 
I just saw my dentist this week to get scanned for day & night retainers because of jaw-clenching due to chronic pain/stress/spine misalignment! 
It’s causing even more pain, plus weakening/loosening some of my teeth! Grrr.

I hope you all find relief!🤍",['en'],TRUE,FALSE,just saw,0,0
did:plc:ov2pk3l673crwzcck5cvzjac,25177097282,2026-08-27T17:50:27.907303+00:00,"Movies of the day (4/8)
🎬 The November Man(2014)
🎬 The Story of O(1975)
🎬 He's All That(2021)
🎬 Bill & Ted Face the Music(2020)

© TMDB

#TheNovemberMan #TheStoryofO #HesAllThat #BillTedFacetheMusic #Action #Adventure #Comedy #Crime #Drama #Romance #ScienceFiction #Thriller #Movie",['en'],FALSE,TRUE,movie,1,0
did:plc:kybxhvthjo3zhzs7zducd6zh,25177104933,2026-08-27T14:50:45-03:00,"Cheio de clichês, ‘Ponto Sem Retorno’ é um dos piores filmes do ano",['en'],FALSE,TRUE,film,0,0
did:plc:o2lgob7whqsvpteyei5nzu53,25177108184,2026-08-27T17:50:53.693Z,I’m in Viborg. Which is kind of a creative wonderland. I’m going to go down a rabbit hole and have a light supper / mad tea party Film 335 of #AllDisneyMoviesOrBust,['en'],FALSE,TRUE,movie,0,0
did:plc:sklbhlnquyqwppqejmvdtp3f,25177110340,2026-08-27T17:50:58.298Z,"I keep saying that film/books about dystopias tend to focus on the period after the regime has been long established, or based around the very first precipitating events. But we are stuck in the middle that is too muddled to build a narrative around.",['en'],TRUE,FALSE,film,0,0
did:plc:36asu4dx3agkfu72ukg4re46,25177110389,2026-08-27T17:50:50.630Z,"I had legit anticipation for this two weeks ago, but now I’m ready to be disappointed. #filmsky

NW:",['en'],FALSE,TRUE,film,0,0
did:plc:vljsudnly4jhdqqclfeixz5p,25177110539,2026-08-27T17:50:58.087Z,"A memory of this post graced me with the math(s) that 1996-97 was 30 years ago 😅

I remember playing Yoshi’s Island, wearing bootleg Pokémon shirts, and wanting to write revenge films. With so many collective/personal changes over all that time, sometimes it’s fun to see what remained the same :O)",['en'],FALSE,TRUE,film,0,0
did:plc:wz3eu3fzuewjtnub4ij4ndjw,25177112734,2026-08-27T17:51:02.303Z,"Then, I shit you not, my bf proceeded to bowl the best game of his life.

I was out with friends and he was texting me that the alley his league is at was freaking out.

He bowled a fucking 231! 

That guy at the shop gave him some bowling magic like what is this a Disney movie?!  2/2",['en'],TRUE,FALSE,movie,0,0
did:plc:rwfdqajfxvayyyckts62i45w,25177112810,2026-08-27T17:51:02.924Z,"oh please let natalie harp have faked her cancer, let it be the first lifetime movie to do a theater run",['en'],FALSE,FALSE,movie,0,0
did:plc:4ug6jc6rza3volisio7mhd3s,25177113618,2026-08-27T17:51:04.969Z,Again there is a know it all politician that is telling you the opposite of what you just saw with your own two eyes. America you are being played and your politicians think you are stupid. Ball is in your court…prove them wrong. ❤️🇨🇦,['en'],TRUE,FALSE,just saw,0,0
did:plc:txlxzn3ad6twoazwdfhlzgqa,25177113625,2026-08-27T17:51:01.387Z,"I saw this and thought ""Nice, a Patricia Clarkson/Tom Hanks GREEN MILE reunion."" Then I realized I was mistaken, and that Bonnie Hunt was Hanks' wife in that film. Then I realized I was DOUBLE mistaken, and Patricia Clarkson was ALSO in it, as James Cromwell's wife!

Let us speak of this no more.",['en'],FALSE,TRUE,film,0,0
did:plc:5fc26uus7twnymgt7oklxwzf,25177121036,2026-08-27T17:51:21.263Z,"Listen to this episode and then go listen to the soundtrack and prepare your soul for some absolute cinema this season!

beholdyourfate.bandcamp.com/album/mythic...",['en'],FALSE,TRUE,cinema,0,0
did:plc:o6hqfipqv42fmkr4dxousngv,25177122809,2026-08-27T17:51:24.352Z,"FINAL FINAL FINAL CHANCE TO SEE OUR FILM! We are closing in on the final few hours to access the film. It will not be available to watch after tomorrow!
CLICK HERE FOR MORE>>> 
www.indiegogo.com/.../still-li...
www.youtube.com/watch?v=tg_D...  
#supportindiefilm",['en'],FALSE,TRUE,film,0,0
did:plc:r7omwo6me6ko67nbabkelgwm,25177127604,2026-08-27T17:51:36.936Z,just saw xlov’s looks for the award show today I’M GONNA LOSE MY MIND AAAHHH,['en'],FALSE,FALSE,just saw,1,0
did:plc:avu6qf3sje4exdkqtdwobf25,25177133101,2026-08-27T17:51:50.564Z,When film becomes reality ...,['en'],TRUE,TRUE,film,0,0
did:plc:ehfui4b5rvalouhpz6rtcjni,25177134562,2026-08-27T17:51:50.800Z,"Meghan Markle's BOMBSHELL Acting Comeback? The Gentlemen DEETS! #shorts
Watch NOW!!!
www.youtube.com/@GilbertKfilms
 
SUPPORT MY CHANNEL:
www.buzzsprout.com/2419772/supp...
 
#MeghanMarkle #TheGentlemen #GuyRitchie #RoyalFamily #ActingRumors
REPOST AND FOLLOW ME",['en'],FALSE,TRUE,film,0,0
did:plc:2tjsq6a4vn6pww2iva5qj23v,25177138843,2026-08-27T17:52:00.693Z,"Oh, I'm not talking about individuals involved in the making of the play/film, including O'Brien himself (I believe he uses he/him still despite being NB). That's a separate argument about them as people. Just purely the work.",['en'],TRUE,FALSE,film,0,0
did:plc:7pe2korc2y6fvnx253ve4yr6,25177139700,2026-08-27T17:52:05.054Z,"On the cake:

""That's...incredible.""

On the movie: 

His first reaction was ""They really don't make movies like this anymore.""

When I asked how he meant it, he said that it was a series of vignettes over a longish period of time. Which he tends to really enjoy, but has gotten a lot more rare.",['en'],TRUE,FALSE,movie,0,0
did:plc:wvlpy7dbsbfqsxkekqpumd7f,25177144501,2026-08-27T17:52:15.531Z,"if you stream movies on discord some time even if you have the culture of pausing and talking about them in an extended way (really, especially if you do) some time I would like to watch a movie and be quiet and just watch you do your thing.

that sounds wonderful.",['en'],TRUE,FALSE,movie,0,0
did:plc:rp4ncgad3xeyy2lwhg4vh6bt,25177145441,2026-08-27T17:52:17.741Z,one of the ways i know doomsday is going to be awful is that there is no way the filmmakers get that doom's primary motivator is showing up reed richards at every opportunity,['en'],TRUE,FALSE,film,0,0
did:plc:hk7uoyvfuuru4abb2xl7adve,25177147933,2026-08-27T17:52:23.298Z,"Jiminy Christmas, the only way that any of those movies, excepting Escape from New York, might be considered grubby or tactile is if you compare them to Marvel Universe stuff. You could safely perform invasive surgery on any shot of Fifth Element.
(I do not care for Split Second, myself, but still!)",['en'],TRUE,FALSE,movie,0,0
did:plc:nkp4uohx6hm6apjx5llgzy4v,25177151016,2026-08-27T17:52:28.115Z,"Three points
1. It's consent you illiterate div
2. If you're out in public you can be filmed without consent
3. Go fuck yourself",['en'],TRUE,FALSE,film,0,0
did:plc:mkxbbjlrrhyadcimunxjhiuj,25177155320,2026-08-27T17:52:31.770Z,"Let's see...Lost a Music Icon/Humanitarian this week, Lost a Film/Horror Icon yesterday, Pfff, Sure, Why Not?? Let's say goodbye to Optimus Friggin' Prime now (for some generations, saying goodbye to him for a 2nd time--#IYKYK)!!!🤬💔🤬

#RIP Peter Cullen...

www.youtube.com/watch?v=42Wm...",['en'],FALSE,TRUE,film,0,0
did:plc:yg5opdxtxd5dbo5zxingdqj7,25177156699,2026-08-27T17:52:43.023Z,Maybe Muskollini was imitating this famous movie scene?,['en'],TRUE,TRUE,movie,0,0
did:plc:ot4kxqaaazamrwscmiwgybmo,25177157261,2026-08-27T17:52:44.051Z,I tend to read reviews after a film and I feel that many have not understood what the Chinese film YOLO was actually about.,['en'],FALSE,FALSE,film,0,0
did:plc:byxuh6f7anr3vnxeqobno7ey,25177159655,2026-08-27T17:52:49.501Z,"I am once again begging horror filmmakers to make more flicks that start with “J,” you can’t name every flick “The Invitation” or “Spiral.”",['en'],FALSE,TRUE,film,0,0
did:plc:q7x3c2mm45wlmbsagp24cdzy,25177171537,2026-08-27T17:52:56.444Z,"Downgrade a movie:

Star Imbroglios",['en'],FALSE,TRUE,movie,0,0
did:plc:vy5ozkmnlx4elg2lmeyec7y5,25177175854,2026-08-27T17:53:06.536Z,"Amusing that Sean Connery was offered millions of dollars plus like a major percentage of the worldwide box office haul to play Gandalf and he said no because he didn’t understand LOTR, and Christopher Lee was openly telling the film crew “This is going to change everything, this is incredible”",['en'],FALSE,FALSE,film,0,0
did:plc:gqwyxntnadvdniuao36e3ga2,25177175951,2026-08-27T14:53:06-03:00,Minha Serie Indica 7 Filmes E Series Com Elencos De Peso Para Ver Na Netflix Disney E Prime,['en'],FALSE,TRUE,film,0,0
did:plc:ufakzrtahaoqepbzpu4ulqqt,25177179026,2026-08-27T17:53:13.375Z,"California has passed and signed into law what many are calling the “Stop Nick Shirley Act,” restricting filming and publishing videos outside certain immigration support service providers.
Enough is enough.",['en'],FALSE,FALSE,film,0,0
did:plc:wanadmuwcgwhlhwfsha5ggd7,25177179319,2026-08-27T17:53:13.946Z,"I was in a live production of it, in the music pit doing vocals. Years ago!

Love this film",['en'],TRUE,FALSE,film,0,0
did:plc:2zkdxhroevcwzis4divabzcz,25177180493,2026-08-27T17:53:15.357Z,"Pendulum’s teaser plunges Joseph Gordon-Levitt and Phoebe Dynevor into a New Mexico retreat gone wrong. Watch our breakdown of the eerie visuals, tone, and what the teaser hints about the film’s dark turn.  wix.to/3OuG4b2

#Pendulum #MovieBreakdown #FilmTeaser",['en'],FALSE,TRUE,movie,0,0
did:plc:hk7uoyvfuuru4abb2xl7adve,25177180776,2026-08-27T17:53:17.157Z,(Which isn't to say they're not fine movies! But they are certainly not gritty),['en'],TRUE,FALSE,movie,0,0
did:plc:ifcreuvp4ocrocta4e3ksojl,25177181240,2026-08-27T17:53:18.440Z,Hannah & Gillian bond over viewing the early 1980s original Camp Miasma slasher movie that Gillian's character starred in & Hannah's character has been hired to reboot,['en'],TRUE,FALSE,movie,0,0
did:plc:ifcreuvp4ocrocta4e3ksojl,25177181241,2026-08-27T17:53:18.441Z,It becomes clear in this discussion of a pivotal scene in the fictional slasher that Gillian's character has merged her sense of self with the character she played in the slasher movie that Teenage Sex & Death at Camp Miasma is about,['en'],TRUE,FALSE,movie,0,0
did:plc:quac6r3brcnchlq2nbilw5m2,25177183315,2026-08-27T17:53:22.945Z,"countless levels of approval

editing, filming, where you chose to run the ads?

did they get new research on golf and domestic violence correlation stats

this only ever means there's. countless people in the rooms not saying anything",['en'],TRUE,FALSE,film,0,0
did:plc:72h4erfm5ybeczcyboyhk5t5,25177183430,2026-08-27T17:53:23.597Z,"Damn Canadians with their beady little eyes and flapping heads all full of lies. 

Oh wait that's from the South Park movie.",['en'],FALSE,TRUE,movie,0,0
did:plc:n5bcgvdgpow5nrbnmgxijyfg,25177184066,2026-08-27T17:53:25.008Z,It’s like when ika decided to destroy the family letters.. cinema (situation is not the same but complementary of sorts) #bb28,['en'],FALSE,TRUE,cinema,0,0
did:plc:ehxy2jar6can7eb27ge3matb,25177184105,2026-08-27T17:53:23.071Z,"Downgrade a movie:

Westbrook Side Story",['en'],FALSE,TRUE,movie,0,0
did:plc:5v3smohclw7kj667vi5qopnp,25177184195,2026-08-27T17:53:20.524Z,put out a short zine of film photos & ekphrastic poems: greenstreetpress.itch.io/repatriation,['en'],TRUE,TRUE,film,0,0
did:plc:amvvt5s3si6njdgr4kaup5ut,25177184711,2026-08-27T17:53:24.967Z,"Choose 31 more of your favorite songs from animated films, one per day in no particular order.

Day 22: “You’ve Got A Friend In Me“ from Toy Story.

youtu.be/1MPZRcyTrcU?...",['en'],FALSE,TRUE,film,0,0
did:plc:fod53mv7ibmkrlzglm7w5zie,25177186770,2026-08-27T17:53:31.456Z,"I'm sure Jessica Chastain is going to be great in Other Mommy. But man, I have a hard time getting excited for a movie based on a pretty bad book where, all the best parts of it, are almost impossible to film. (At least not without it coming off as goofy.)",['en'],FALSE,FALSE,movie,0,0
did:plc:6wx2gg5yqgvmlu35r6y3bk6d,25177189223,2026-08-27T17:53:37.674Z,Inspiration for the last truly classic Tim Burton film. RIP.,['en'],FALSE,TRUE,film,0,0
did:plc:37cu4u7i3foeggy5yakwdqyn,25177192729,2026-08-27T17:53:45.339Z,"Directors usually get to pick the composer, no? And directorial community in the MCU has been very low, hard to get a recognizable theme for Thor when the second movie ditched all the motifs from the first.",['en'],TRUE,FALSE,movie,0,0
did:plc:q5gwixesaesq5ejpojavypxz,25177192818,2026-08-27T17:53:42.369Z,"Oof. 😢 I'm so glad I got to experience Peter's amazing voicework throughout my life. RIP🌷🤖

Right ahead of the Transformers Movie 40th Anniversary too...",['en'],FALSE,TRUE,movie,0,0
did:plc:yu5utjcues4jke6b5oqxkbmb,25177193367,2026-08-27T17:53:46.940Z,"who's the second transfem you're talking about?? i know one of the moms was confirmed outside of the movie to be a trans woman, but she didn't get this treatment afaik",['en'],TRUE,FALSE,movie,0,0
did:plc:w3ialuqbtdffppyuyfpj4jvn,25177194893,2026-08-27T17:53:47.881Z,"When you look at the vast history of Superman and Batman across the Golden, Silver, and Modern Ages, is there truly any instance other than The Dark Knight Returns in which they've been in physical odds against each other that could have served as a solid basis for a comic book-based movie like BvS?",['en'],FALSE,FALSE,movie,0,0
did:plc:uhrzvek6flb63s74tzxtrxac,25177196763,2026-08-27T17:53:52.663Z,"@gemini53.bsky.social @bramblejim.bsky.social @moondogrick.bsky.social @omacolt.bsky.social @tadool.bsky.social  @pedropeterperico.bsky.social @josephaisenberg13.bsky.social @michaelcinemagroup.bsky.social 

8/28
#Bales2026FilmChallenge German film
THE CABINET of DR. CALIGARI (1920)

#filmsky",['en'],FALSE,TRUE,film,0,0
did:plc:cchzkol62mngewe6lgrpcnla,25177199698,2026-08-27T17:54:01.077Z,"That Topping Dude and Harvey Perr discuss what to watch one evening….

#thattoppingdude #oldjoy #KellyReichardt #watchingpaintdry #fyp

#independentfilm #short #shorts #gaycouple #whatshouldwewatchtonight

Mentioned:  Old Joy (2006) a film by Kelly Reichardt",['en'],FALSE,FALSE,film,0,0
did:plc:lkqkalw7nc25raxc2v7b3hci,25177200782,2026-08-27T17:54:03.176Z,"This 86 Movie Apology Tour might be one of the biggest unforced errors of all time

Might as well have gone full Nintendo and called it ""The Year of Dead Optimus Prime"" for how this whole marketing push feels in hindsight 😬",['en'],FALSE,FALSE,movie,0,0
did:plc:6jqsx4nmfxpatnuh44rolr22,25177202949,2026-08-27T17:54:08.398Z,I wish Patrick would review film of Steve DeBerg’s play action.,['en'],TRUE,FALSE,film,0,0
did:plc:6q5ygzzha3dkmgqpfatp5rrn,25177203661,2026-08-27T17:54:09.926399Z,"Radio C - Cinema e Cultura: The Mars Volta - L'Via L'Viaquez!

Ouve no nosso Website: https://radio-c.org",['en'],FALSE,FALSE,cinema,0,0
did:plc:74u7gewpg7ygkhbg4wtayla5,25177203700,2026-08-27T17:54:10.061103+00:00,"50 years ago:
Free Hand for a Tough Cop (IT)
Original title: Il trucido e lo sbirro
A cop recruits a crim...
1976-08-27
#ClassicFilm #TomasMilian #HenrySilva #UmbertoRaho
https://www.themoviedb.org/movie/53155",['en'],FALSE,TRUE,movie,0,0
did:plc:aezth5y457wue2ctg5ig3j7s,25177206447,2026-08-27T17:54:16.543Z,High on Life is if the creators of Rick and Morty and South Park got together and made a parody of the movie Home.,['en'],FALSE,FALSE,movie,0,0
did:plc:2ncqqwuufqsj43l7ikfpb5ph,25177208697,2026-08-27T17:54:22.358Z,"I saw someone suggest that Camp Miasma's KFC scenes must have originally involved Popeye's bc the former isn't known for their dipping sauces, but surely it was Chik-fil-a? It would fit with the the way Schoenbrun credits a real-life transphobe with creating the in-film franchise.",['en'],FALSE,FALSE,film,0,0
did:plc:kivgvcwv4eryqmok6e7aj4o6,25177208872,2026-08-27T17:54:20.079Z,"NI actress Laura Donnelly is having a moment. She talks about imposter syndrome, her pride in Belfast’s booming film industry, and finding her 40s liberating.
Read more: tinyurl.com/5x53mesd",['en'],FALSE,TRUE,film,0,0
did:plc:zq6eh6vf52c5ogxqq6wwdzuw,25177209011,2026-08-27T17:54:22.023Z,"Oh my god, how is the film? You yanks get so many more monster films than we do!",['en'],TRUE,FALSE,film,0,0
did:plc:bfqid35hdrlsminqu4ayv6q2,25177209693,2026-08-27T17:54:23.831Z,"Downgrade a movie

No County for Old Men",['en'],FALSE,TRUE,movie,0,0
did:plc:kxuyh7oop3bhuz32addxotpc,25177219279,2026-08-27T17:54:46.468Z,Gen X is at the age where a lot of the people we grew up watching and listening to are passing away.  I just saw that Peter Cullen died.  I am a big animation fan; Cullen did a lot of work for shows I grew up watching on Saturday mornings and after school.,['en'],FALSE,FALSE,just saw,1,0
did:plc:dcdbaahapsl3h7zy2yyavaud,25177237914,2026-08-27T17:55:30.833Z,"omg i had no idea.... well! good for them that they can finally have their beloved seasonal item LOL

literally just saw these by chance at aldi and remembered they were big a few years ago 😭",['en'],TRUE,FALSE,just saw,1,0
did:plc:4jbam7hkzrggmencfvuqttn6,25177293769,2026-08-27T17:57:39.698Z,"I had a trailer for a reissue of the 1986 ""Transformers"" movie in front of what I went to see hours ago...god, what sad timing.

Very bad week for 80's kids but also like, no wonder they got him to reprise this character in so many other iterations for decades. Guy had a gift. :<",['en'],TRUE,FALSE,movie,1,0
did:plc:wwbv74c47cd4yre77y2svhbw,25177388121,2026-08-27T18:01:09.045Z,"Michelle Keegan and Tom Bateman have been spotted filming scenes for upcoming Netflix thriller The Woods in Liverpool city centre. 🎬

Read more in the comments...",['en'],FALSE,TRUE,film,1,0
did:plc:ga7ry3wy4gajmvxus533dv42,25177401870,2026-08-27T18:01:37.325Z,"New episode out now! 🎙️🎬 Dave Green celebrated the World Premiere of his film COYOTE VS. ACME (2026) last night with us, but the filmmaker says he’s been making “Looney Tunes style stuff” since he was a kid!",['en'],FALSE,TRUE,film,1,0
did:plc:4qbkn4ielicb6zmwxuolaoqy,25177683779,2026-08-27T18:06:40.433Z,rip Peter Cullen and thank you for helping bring one of my favorite movies to life,['en'],FALSE,TRUE,movie,1,0
did:plc:zjqlz3n2qmppazfyjxtjeoch,25177710895,2026-08-27T18:07:39.702Z,A lot of (white) people my age just watched the west wing and thought that’s what politics is,['en'],TRUE,FALSE,just watched,1,0
did:plc:wld7plp2povlj6yaqlg22lkg,25177732489,2026-08-27T18:08:28.768Z,I need a Brazilian weeaboo to sub that shit Fast. I will never forget the rip of rebellion I watched where half of it was subbed in Portuguese so I had to Google Translate the rest of the film from Portuguese. Brasil Numero Uno 🇧🇷,['en'],TRUE,FALSE,film,1,0
did:plc:iss2dlgvnifqykgyzgurucmn,25177821746,2026-08-27T18:11:51.346Z,"I literally have seen TF: The Movie more times in my life than I can count. Went to see it in theaters for the 35th anny and you bet your ass I'll be going to a screening this year. 

Better see that theater PACKED",['en'],FALSE,FALSE,movie,1,0
did:plc:iz3es2trnej7eaamk2mouag2,25177827862,2026-08-27T18:12:03.462Z,My ★★★★★ review of #GuardiansOfTheGalaxyVol.2 (2017) on @letterboxd: boxd.it/h0Jn3) #FilmSky,['en'],FALSE,TRUE,film,1,0
did:plc:5xzxuu3wuiat373fwnhmuaqs,25177946417,2026-08-27T18:16:36.556Z,Als dit het begin van een bioscoopfilm was.....😍,['en'],TRUE,FALSE,film was,1,0
did:plc:pmymn3yapq5sw23djef4dnqq,25178025086,2026-08-27T18:19:32.567Z,"Uppdatering: Min slow TV-kamera vältes av åtminstone en av tomatplantorna och bevattningen har gett upp (slut på batteri?). Tur det är hjälp på väg, håller tummarna att de överlever tills dess 😬

Tyvärr inget filmat 🎬🎞️🍿",['en'],TRUE,TRUE,film,1,0
did:plc:rjpsf37yp2qcjpd6c235uqsm,25178084669,2026-08-27T18:21:50.176Z,"Ever since I saw the new #FantasticFour movie, I had this scene for the Silver Surfer in my head. Now I’ve finally written it. Go check out my #Marvel #shortstory on #substack 

#fanfiction #amwritingfantasy #fiction #scifi

braemknowsbest.substack.com/p/f4-first-s...",['en'],FALSE,TRUE,movie,1,0
did:plc:rf5vzgdt5xmmor5ltp4qo3cg,25178095083,2026-08-27T18:22:15.130Z,A mid album with a few gems on it made into a confusing movie with some nice visuals that I ultimately have a fondness for because I saw it when I was like 6 years old and it was the most transgressive piece of media I have ever seen at that point.,['en'],TRUE,TRUE,movie,1,0
did:plc:4oc32xqdv2zvhjdxyagav4ij,25178119914,2026-08-27T18:23:11.989Z,"I recently got into the Terminator Movies 

Just watched “The Last House” , Eat Pray Love , The Guilty  on Netflix 

Don’t Breathe 1&2 

The Black Phone 1&2 

I’ve been watching all kinda stuff. I’m about to go on an old romantic comedies binge soon!","['en', 'es']",TRUE,FALSE,just watched,1,0
did:plc:ovxwjqbnlu3wwvcwnszy4426,25178149602,2026-08-27T18:24:18.464Z,"In preparation for Walprugisnacht Rising I’m gonna do a whole series Madoka rewatch, including the recap movies since I haven’t seen the first two of them. I haven’t watched the series in full since I first saw it in 2021, I’m very excited!",['en'],FALSE,FALSE,movie,1,0
did:plc:2zlfbszwqt5qp3lrlzbq2luj,25178167726,2026-08-27T18:24:48.852Z,"'Once more down the Almodóvarian rabbit hole of creativity' ★★★★ BITTER CHRISTMAS - #PedroAlmodóvar goes life-jacking, as the Spanish master asks - can a wilfully dull film be worth watching? James Saynor is intrigued @film.curzon.com www.theartsdesk.com/film/bitter-...",['en'],FALSE,TRUE,film,1,0
did:plc:cronmhiv462ngu7726eyu3mk,25178186015,2026-08-27T18:25:20.972Z,"The real life hero that this film was based on, is a Black man named Jason Thomas. Unfortunately, Hollywood didn’t want to portray a black man as the hero, so add they gave the part to a white actor. That’s how fragile white America is.
youtube.com/watch?v=2TIR...",['en'],FALSE,TRUE,film was,1,0
did:plc:5jwuphzeror23yoqoyta3bud,25178207568,2026-08-27T18:26:34.067Z,"youtube.com/shorts/FGn7K...

I just watched this and was ""this is haterade, but I love you"" but boy howdy, she's really on to something.",['en'],FALSE,TRUE,just watched,1,0
did:plc:b7argx6sztsmprfer4rnpekj,25178253011,2026-08-27T18:28:11.342Z,Watching #TheOldMaid #BetteDavis #TCMParty #SUTS #FilmSky🎥🎬📽,['en'],FALSE,TRUE,film,1,0
did:plc:mc444donijygexfyagbau2ee,25178283069,2026-08-27T18:29:24.567Z,"""He is the one."" 
Prompt fill for day 4 of the TOPWAN #OBIKIN FEST | Favorite Movie AU (The Matrix)",['en'],FALSE,TRUE,movie,1,0
did:plc:3jxz7hcifbrmaqbeazaovqvr,25178319766,2026-08-27T18:30:29.457Z,"I speak English,  Spanish and Italian,  and I can't stand dubbed versions of my favorite Pedro Almodovar movies,  it doesn't hit the same way, so I enjoy watching any foreign language movie in its original version.",['en'],TRUE,FALSE,movie,1,0
did:plc:7ktimvjcl6h5l55hbogfbnhj,25178414936,2026-08-27T18:34:12.856Z,"🎬 30 movies. 15 dates. One trip through movie history.

The Daily Rewind returns for September 1–15, with two films tied to each date.

From Back to the Future Part III and Stand by Me to 300 and The Untouchables. 🍿

acutefilmaddict.com/go/daily-rew...

Which are you watching? 👇",['en'],FALSE,TRUE,movie,1,0
did:plc:vgktzp3i3shaegci5c3tosva,25178449779,2026-08-27T18:35:35.544Z,"My partner just watched an elderly woman have to walk away empty handed from the pharmacy because she couldn’t afford a critical medication and this is what our jackass of a president is doing. 

Fuck trump, fuck the entire Republican Party, and fuck everyone who voted for him",['en'],FALSE,TRUE,just watched,1,0
did:plc:5tvwwo5g2elpoh2usggubmsl,25178489983,2026-08-27T18:36:59.044Z,I'd give him attention and let him sit on my lap so we can watch terrible movies together :3,['en'],TRUE,FALSE,terrible movie,1,0
did:plc:zgrr4ofg6awbycnu7cir46bs,25178527569,2026-08-27T18:38:24.231Z,"I negotiated a few months ago to a price of £24 per month for full streaming ultimate with all the bundles and cinema for 2 years, it also includes my sim with 5gb and free texts and calls.  Only thing I've not got is sports. BB is £26. 

It's all subjective I guess. I only watched streamed TV.",['en'],TRUE,FALSE,cinema,1,0
did:plc:hvnls5mb2tnco7clzukubjlr,25178543033,2026-08-27T18:38:59.024Z,"My favorite is him arguing with himself in “TRANSFORMERS: The Movie.”

“But Prime… ”

“Listen, Ironhide, we don’t have enough energon cubes to power a full-scale assault!”",['en'],TRUE,FALSE,movie,1,0
did:plc:3m5pygqmdysjqhrg6m6l7zal,25178571772,2026-08-27T18:40:01.869Z,"I just watched that a couple weeks ago on criterion, I think.",['en'],TRUE,FALSE,just watched,1,0
did:plc:ipxgewmtl6r47puodh3k4me6,25178583394,2026-08-27T18:40:29.284Z,There’s this expectation that you have to like and support every plot or character choice or else you’re a hater. When I literally just saw Viv herself complaining about GOT on her bsky despite saying she was a fan lol. Everyone does it it’s normal!! But that doesn’t mean creators have to-,['en'],TRUE,FALSE,just saw,1,0
did:plc:acyn3g5sh345wdl4cm6xwme3,25178623318,2026-08-27T18:42:00.534Z,"Ouuu, that's a lucky shot, since I've seen this movie yeaaars ago.

#Flickle #1598

🎬🟥🟥🟩⬜⬜⬜

📆 Daily Streak: 2 (Best 9)
🏆 Win Streak: 2 (Best 5)

flickle.app",['en'],TRUE,TRUE,movie,1,0
did:plc:klxkpdfqxsxkt547mnpuwmwe,25178726948,2026-08-27T18:45:58.401Z,"I JUST saw that little fucker demeaning trans people on some rightwing talk show, and he has the nerve to jump on the St. Dolly bandwagon for clicks? Serves him right, that prick",['en'],TRUE,FALSE,just saw,1,0
did:plc:6jkv5gudshqmk6pzhpdtscwf,25178894355,2026-08-27T18:52:11.060Z,"Oh, Jesus, another one?!

I only just got into Transformers awhile ago, up to most of Season 2 and saw the 86 movie, and Cullen was fantastic as Optimus Prime. I also like doing a Predator impression now and then, and it was him responsible for that clicking noise, too. This sucks.

RIP.",['en'],TRUE,FALSE,movie,1,0
did:plc:vr3qbzsfotyvixktvsmwbnlr,25178913855,2026-08-27T18:52:53.972Z,"Linda,l just saw that Daisy had passed to the bridge. My deepest condolences on her passing. Daisy and you were one of our first friends on the other place and then here. Will miss her Sunday dinner reviews. Love and hugs to your family during this difficult time. Run free Daisy on the clouds.",['en'],TRUE,TRUE,just saw,1,0
did:plc:mqpnvm75wyoowf2q5umalgiv,25178960694,2026-08-27T18:54:41.365Z,"Fucking yay, roomie just casually scheduled something else for a day we were supposed to watch a movie together and it's like 

It's not like we have been trying to watch this movie for over a month and you know it's my favorite movie and currently the only thing keeping me going","['en', 'de']",FALSE,FALSE,movie,1,0
did:plc:65ahbpml55kjko6xinuz4dqq,25179020161,2026-08-27T18:56:51.930Z,TIME TO WATCH GOOD MOVIES.JUMP IN MY TRAIN WATCH WITH ME. 👑😍🛸🏠🔋⚡♥️⭐🌎🛡️🔒,['en'],FALSE,TRUE,movie,1,0
did:plc:2vggw353ry7m7evexotkaxko,25179049219,2026-08-27T18:58:00.127Z,"#NowWatching

Sicario (2015) dir. Denis Villeneuve

#filmsky 🎬📽️🍿",['en'],FALSE,TRUE,film,1,0
did:plc:3msf7l24ikivuwzscnnmdpr3,25179194032,2026-08-27T19:03:06.000Z,"Over the years, all the tweets I saw declaring ""XYZ movie could never get made today!"" and I was looking around, going ""Really?!"" The blatant, multi-faceted prejudice, discrimination and antagonism never stopped.

We know clearer than ever that immoral toxicity is at the core of power and money.",['en'],TRUE,FALSE,movie,1,0
did:plc:jcgsmdp3ljkdlwma6nxxj5xh,25179282876,2026-08-27T19:06:33.611Z,"100% true. 

I had three roommates. I wanted to see the Kings, another wanted to see The Cell, the other two didn't care, so we went to see The Cell, and then snuck into Kings. 

This was the giant movie theater at Downtown Disney in Orlando that had zero safeguards.",['en'],TRUE,FALSE,movie,1,0
did:plc:jaxpyixlfcwvuadhg67b6okh,25179287483,2026-08-27T19:06:45.091Z,going to the cinema today (yay) so my bgw thread is gonna come later on 🙂‍↕️ and I will do some yelling if I have the energy for it ☺️,['en'],FALSE,FALSE,cinema,1,0
did:plc:ekuq3b4dstp735sbphuxnxy5,25179321265,2026-08-27T19:08:01.540Z,"🎬 The Sunchaser

📅 1996

#filmsky",['en'],FALSE,TRUE,film,1,0
did:plc:rmjsvznj7potcbmhcafed7e3,25179376269,2026-08-27T19:10:02.135Z,Always such a treat to chat with @jimlaczkowski.net! It was great fun to spend so much time with Holofcener’s films.,['en'],FALSE,TRUE,film,1,0
did:plc:wpz2peqsbznn7dtul57jnzxs,25179386571,2026-08-27T19:10:23.882Z,​Movie trivia time! 🎬 Who can identify this classic movie scene without checking the comments?,['en'],FALSE,TRUE,movie,1,0
did:plc:ytgaawadaipcglm6aljbpfde,25179441100,2026-08-27T19:12:18.000Z,"movie critique is a brand of media so far up its own ass I'd do anything to avoid being associated with it.

whenever I share something about a piece of media I've watched it is purely about my own opinions and level of enjoyment, and I'd rather throw myself off a cliff than claim anything I say […]",['en'],FALSE,TRUE,movie,1,0
did:plc:a7qrjxt2srlnuqk7jnrde2bh,25179474956,2026-08-27T19:13:37.653Z,"“It may not be a great movie, but it’s one hell of a Criterion booklet.”

Me, on Jane Schoenbrun’s TEENAGE SEX AND DEATH AT CAMP MIASMA.

#TeenageSexAndDeathAtCampMiasma #CampMiasma moviemanifesto.com/2026/08/teen...",['en'],FALSE,TRUE,great movie,1,0
did:plc:sjskd22wltrhuoolfltna76s,25179630359,2026-08-27T19:19:20.255Z,"Transformers The Movie was a childhood favourite, and its OST was one of the first CDs I ever owned. Even when I was in my villains-are-always-cooler phase, I knew how legit Optimus Prime was.

So today exacts a heavy toll. Till all are one, Peter Cullen.",['en'],FALSE,FALSE,movie was,1,0
did:plc:n546z3bqm56g4rj3mwk2g4ds,25179670059,2026-08-27T19:20:34.208Z,"The movie meme of the moment passes but alas, I'm just stoned enough that it just sets me absent-mindedly running through my five favorite film directors:

Pedro Almodovar
Terry Gilliam
Peter Greenaway
Stanley Kubrick
Takashi Miike",['en'],FALSE,FALSE,movie,1,0
did:plc:akvjt7pj22vnxi537go2j4gn,25179684962,2026-08-27T19:20:57.886Z,"Tonight’s film choice is the fantastic Clue (despite having rewatched it recently) 
RIP Tim 😭

Paired with an assortment of Hotel Chocolate’s (so I can act out Mrs Truchbull scene from Matilda 😂)",['en'],FALSE,TRUE,film,1,0
did:plc:violj27ic2u3grmxihwnqsfg,25179775640,2026-08-27T19:24:06.785Z,"It's TIME!! 🎬👽📽️🧙🎞️💀🍿👻

Time for this household's annual #SUTS horror marathon. We decided to get going early this year.

#HorrorMarathon #HorrorMovies #HorrorSky #SummerUnderTheStars #TCM",['en'],FALSE,TRUE,movie,1,0
did:plc:727qmfteuywhezkfcc5kwjdx,25179949621,2026-08-27T19:30:40.009Z,Ha! Just watched @metagloria.bsky.social (who is an American Person) solve a puzzle of mine and had to explain both Premium Bonds and Benny Hill *in the same clue* 😆,['en'],FALSE,FALSE,just watched,1,0
did:plc:pjf634p2dth5zfwhnhf6ocrj,25179953886,2026-08-27T19:30:49.647Z,I was going to say no fast living party animals would be watching a David Mitchell vehicle but I just saw EASYFUN does the soundtrack so I have to retract and also watch 😮‍💨,['en'],TRUE,FALSE,just saw,1,0
did:plc:7hbdhi5dy22liqol5idmoa3t,25179961580,2026-08-27T19:31:06.630012+00:00,"🎂 Happy Birthday, Zhang Zifeng!

Your favorite Zhang Zifeng movie... that isn't The Shadow's Edge or Go Brother!. Go. 🎬

More on Zhang Zifeng: https://todayinmovies.com/actor/zhang-zifeng
#TodayInMovies #FamousBirthdays",['en'],FALSE,TRUE,movie,1,0
did:plc:ev5qqkwvvxzatzx66tdexdno,25179971151,2026-08-27T19:31:28.043Z,"I loved it! Wonderfully fun movie with a fantastic cast ❤️

It hurts seeing Tim Curry in roles though, especially when he was at the height of his career 😢",['en'],TRUE,FALSE,movie,1,0
did:plc:4za4evmhsstfh3ex2o37weog,25179978032,2026-08-27T19:31:43.775Z,Make all my favorite movies those with classic mustangs in them,['en'],TRUE,FALSE,movie,1,0
did:plc:f4kxdotijcfvgxvzo7sw5i56,25180506654,2026-08-27T19:37:52.886Z,I enjoy that my therapist is sometimes my underpaid research partner. They even offered to speak for me at a conference if I get a paper accepted lol. Essays are going to be on cinema/ND & trans exp/rep in media/issues with cinema as a medium for ethics & morality/need for positive queer fiction,['en'],FALSE,FALSE,cinema,1,0
did:plc:xdmic226b4zabpmckjiia4co,25180533793,2026-08-27T19:38:54.139Z,"Renny Harlin told us that it was Shane Black’s record breaking script that made THE LONG KISS GOODNIGHT such a special film, and for him, it remains the best movie he’s ever made…

Hear the full story in our interview:
🎧 pod.fo/e/57210d
📺 youtu.be/EKzMekhj1_g?...",['en'],FALSE,TRUE,movie,1,0
did:plc:lqvsqsm4bjxqeue3bulyhvwl,25180663422,2026-08-27T19:39:53.413Z,"Uh... I'm the wrong one to try to rope into an extended roundabout humblebrag.  I didn't even know that movie was based on a book, man.  I don't know who Ernest Cline is.  I feel like you hitched your wagon to the wrong horse here, especially since I'd literally just said. ""I don't read fiction.""  🤣",['en'],TRUE,FALSE,movie was,1,0
did:plc:ithql7ji3an3db7zfj3gmrir,25244292663,2026-08-29T14:04:24.052Z,"While I don't live in the US (so I likely won't encounter any reporters), let me tell you: I wouldn't trust anyone coming up to me (friendly or not) while filming, saying they are making a documentary- asking me weird NSFW questions. I'd tell them to stop harassing people & to buzz off.",['en'],FALSE,TRUE,film,0,0
did:plc:agzw24wedigl4b6y4st3m33h,25244295992,2026-08-29T14:04:08.423Z,"Unfortunately a bunch of furries in my city have been working with them for months, and it's caused a major schism in the local furry community. Initially they were focused on a group of young woman OnlyFans creators and the 40yo college lecturer who hangs out with them and films - not a great start",['en'],TRUE,FALSE,film,0,0
did:plc:wxajozzeaa677lcy6ju6cwgs,25241418624,2026-08-29T11:49:10.528Z,"Happy Saturday... This is #Manchester.

#Photography #StreetPhotography #UrbanPhotography #CityPhotography #FujiFilm #FujiFilmXT5 #PhotographersOfBlueSky",['en'],FALSE,TRUE,film,0,0
did:plc:3cyayz3bnw65jhaz5crkdi4s,25241626523,2026-08-29T12:01:13.709Z,"📷 Pentax 17
🎞️ Portra 400
🧪 Gulabi
📍 Duinrell

#filmphotography",['en'],FALSE,TRUE,film,0,0
did:plc:i3hf46gi2jrilindzs7yeqa4,25241796584,2026-08-29T12:10:21.901Z,"Making high-end brand ads is hard when your shots look messy. The fix is exact second-by-second camera and audio direction.

Comment ""RENTPROMPTS"" for the master prompt.

#videoads #filmmaking #creative",['en'],FALSE,TRUE,film,0,0
did:plc:vrpu66gvyth24rkcd3swyolc,25241842099,2026-08-29T12:12:37.796Z,"Waiting for a Bus 
📸 Pentax P30 
🎞️WonderPan 400

#pentaxp30 #pentax #wonderpan #analoguewonderland #filmphotography #filmisnotdead #shootfilmbenice #believeinfilm",['en'],FALSE,TRUE,film,0,0
did:plc:ksusq6rbm2q4aocz6bzo5e37,25241859143,2026-08-29T12:13:39.807Z,"London #FilmLocations: St Katharine's Way, E1W- In 1980's 'The Long Good Friday', the yacht/mobile office of London gangland boss Harold (Bob Hoskins) is moored at St Katharine Docks by Tower Bridge, since re-developed into a residential & commercial area surrounding a marina.",['en'],FALSE,TRUE,film,0,0
did:plc:fv4tpxg3qlobtyzco6frnepu,25241984679,2026-08-29T12:20:14.303Z,"No, they'll just film the guy who refuses to speak anything but Klingon and is waving a Bat'leth at the cameraman for them and they'll act like this represents the entire event.

/2",['en'],TRUE,FALSE,film,0,0
did:plc:ffb4dr7b2tq7vgbiwgfzblv6,25241985054,2026-08-29T12:20:14.436Z,Love a b&w film.,['en'],TRUE,FALSE,film,0,0
did:plc:3g7vpvvxilfpcvziar4f4k6j,25242047548,2026-08-29T12:23:20.460Z,"🌐BunkHaus.London 
Availability
bit.ly/BookBunkHaus

#London #privatehire #dungeon #studio #fetish #kink #apartment #location #photography #filming #contentcreator #BDSM

@masterbane.bsky.social 
@alastairnoir.bsky.social 
@gaylondonlife.bsky.social",['en'],FALSE,TRUE,film,0,0
did:plc:tvas3fib7g5fsdyc5gmpxnru,25242132022,2026-08-29T12:27:46.298Z,"On our favorite beach we found moments above time.

#BlueSkyArtShow #Summer

📷 Canonet ql17 giii
🎞️ Kodacolor 100
📍 Crescent Beach, FL (2026)

#ECK #eastcoastkin #filmisnotdead #kodak #kodacolor100 #photography #beach #believeinfilm",['en'],FALSE,TRUE,film,0,0
did:plc:qyrlli7s3x5t7ebgzjppjzrk,25242134579,2026-08-29T12:25:51.938Z,"""Skywalk""
#cityscapes #cincinnati #melancholy #offlinegoings #blackandwhitephotography #ohio #fujifilmfinepix #finepixjx520 #fujifilm #signatured #digitalphotography #downtowncincinnati",['en'],FALSE,TRUE,film,0,0
did:plc:hz5ddlu55g5kd76rulzk2lm5,25242323133,2026-08-29T12:37:18.068Z,"Back before digital photography, I attempted to photograph six kittens. Two rolls of film, 48 photos, and not one where every kitten was looking at the camera or sitting still. I think three looking at once was the best photo 😂",['en'],TRUE,FALSE,film,0,0
did:plc:dq3knmlhryzsj4gdwatk725c,25242324569,2026-08-29T12:36:57.377Z,"The Crypt - Olympus Pen EE S - Kentmere 100, RO9 @ 1:50 for 9 mins #UK #classicmono #BlackAndWhitePhotography #bnw #b&w #photography #filmphotography #photographersofbluesky #photographersunited #photography #believeinfilm #filmsnotdead #halfframe",['en'],FALSE,TRUE,film,0,0
did:plc:zz2cditskh7ybrcvgge23zr3,25242534081,2026-08-29T12:47:42.562Z,"Walk to Quininup Falls 🏞️👣

📷 Fed 3
🎞 Lucky 200

#ShittyCameraChallenge
#believeinfilm",['en'],FALSE,TRUE,film,0,0
did:plc:evmdkmhwhbqgt7iad4m7sehg,25241748689,2026-08-29T12:08:08.883Z,"Happy Saturday, Blueskiers! It's the last weekend of August and we're so excited to turn the calendar. September is full of fun including back to school.  Today, the hot temps return and it's the final gasp of summer. We're celebrating with some cocktails and watching great movies. Have a great day!",['en'],FALSE,TRUE,great movie,1,0
did:plc:mpt7ijeenjsdqpn42fqxtgnb,25241807971,2026-08-29T12:11:01.506Z,"I just watched on of the 'kittens' (he's like, a year old now) eat a fly

All 4 food bowls (3 cats in the house) are 'full' (have enough food in them)

I guess nothing beats the hunt 😆",['en'],FALSE,FALSE,just watched,1,0
did:plc:gfirtahdaitoyipweewoy2sq,25241836722,2026-08-29T12:12:32.916Z,Great movie 👌🎬,['en'],TRUE,FALSE,great movie,1,0
did:plc:i7i76dfe63j2g3lkl43prlwj,25241414765,2026-08-29T11:49:45.855Z,"Make your favourite film sound as boring as possible without giving away the title. 

A group of friends take two different routes as they move out of their home unexpectedly.",['en'],FALSE,TRUE,film,0,0
did:plc:orhnxxrkuhlet5kcihd6cpgd,25241415642,2026-08-29T11:49:47.074Z,"Make your favorite film sound as boring as possible without giving away the title:

Bar owner organises surprise trip to  Portugal for his ex",['en'],FALSE,TRUE,film,0,0
did:plc:3wycn25ebep6ptj3fajqa6kb,25241418592,2026-08-29T11:49:57.325Z,"Make your favorite film sound as boring as possible without giving away the title: 

A king is bored and tries to find a new job. He's terrible at his new job and ruins the environment for everyone. He goes back to being king.",['en'],FALSE,TRUE,film,0,0
did:plc:vjnpeev7nidlncxtsjkycc74,25241889349,2026-08-29T12:15:17+00:00,"Spielberg's Munich is a great film. But Klein talked to real Mossad insiders. The truth he found hits even harder.
#books #bookreview #Munich1972 #Mossad
https://smpl.is/amh78",['en'],FALSE,TRUE,great film,1,0
did:plc:mfm62ive6me7jgddre6maqki,25241988588,2026-08-29T12:20:27.809Z,"Thank you Russell! 🖤😊 

Both are great films! But I know you're not huge into Horror. The Thing is a body horror film so incredibly gorey but I imagine you've seen a picture or scene from it . The Descent is super creepy and should definitely be watched in a dark room. 😆","['en', 'es']",TRUE,FALSE,great film,1,0
did:plc:s75ntmmxjrtlxy52hvnzcqam,25242167153,2026-08-29T12:29:29.678Z,It's such a great film! Glad you watched it.,['en'],TRUE,FALSE,great film,1,0
did:plc:7gepisuceh34eg63qxdqdwqp,25242379426,2026-08-29T12:40:12.172Z,Lmfao Great film!,['en'],TRUE,FALSE,great film,1,0
did:plc:dl67z36kxijx7m4pgpz7424l,25242471213,2026-08-29T12:44:45.272Z,"Man when a VHS of a great movie came out, what felt like 2 years, after a theater run",['en'],TRUE,TRUE,great movie,1,0
did:plc:yj3dfd67ngwwihtdoighgvtq,25242858111,2026-08-29T13:03:34.362Z,Just watched somebody hear the drop in Dance Yrself Clean for the first time and what a joy,['en'],FALSE,FALSE,just watched,1,0
did:plc:ms3dkv7odxdob7a2sez77pov,25243628676,2026-08-29T13:35:37.745Z,"Make your favorite film sound as boring as possible without giving away the title.

Cowboys get musical around the campfire.",['en'],FALSE,TRUE,film,0,0
did:plc:hrdajc5tkzovqmpu55baqjlq,25243632797,2026-08-29T13:35:47.228Z,"Make your favorite film sound as boring as possible without giving away the title:

Man grieves loss of his daughter, leaves a part of her in his rose garden, plant grows, random reptile shows up to wreck the main flower, takes a nap, and leaves",['en'],FALSE,TRUE,film,0,0
did:plc:ulkx4memujdk522qvscab5ho,25243642222,2026-08-29T13:36:15.820Z,"Make your favorite film sound as boring as possible without giving away the title.

Three men walk cross country to a room with a hole in its roof.",['en'],FALSE,TRUE,film,0,0
did:plc:yqwir33cksvuftrxa5byhlhf,25243646405,2026-08-29T13:36:21.305Z,"Make your favorite film sound as boring as possible without giving away the title:

Traveling botanist is separated from his scientific expedition and spends several days eating Reese's Pieces with a nice suburban family until he can find a ride home.",['en'],TRUE,FALSE,film,0,0
did:plc:5spnfsy5ycjdooz2xkh6wuxi,25243649195,2026-08-29T13:36:36.098Z,"Make your favourite film sound as boring as possible without giving away the title: 

Girl whose hobby is listening to the radio leaves home, finds lodging in an attic and work as a courier, before assisting in rescue efforts following a zeppelin disaster.",['en'],FALSE,TRUE,film,0,0
did:plc:am42gfpvrxm45q2nipdvyryt,25244491793,2026-08-29T14:13:16.470Z,"I cannot participate in the ""make your favorite film sound as boring as possible"" trend because it is simply impossible to make Kung Pow: Enter The Fist sound boring",['en'],FALSE,FALSE,film,0,0
did:plc:a2iad7r3m23ko73qlgmxssh6,25244108212,2026-08-29T13:56:31.667Z,"This fits the description of too many movies.  It could even cover ""One Flew Over the Cuckoo's Nest"" if you squint a little.",['en'],TRUE,FALSE,movie,0,0
did:plc:xcj2lqpvlbh2wor3s3oaahr7,25244213519,2026-08-29T14:01:04.865Z,"i love the characters, the story, the performances… it’s dated a bit in some dialogue around a certain topic & the top-rated review on letterboxd addresses it beautifully but if you haven’t been spoiled & want to watch then don’t read before watching; that line in screenshot is my fav movie line 💖💖",['en'],TRUE,FALSE,movie,0,0
did:plc:r4xrzendbg7zgxi7ldacqwva,25244405822,2026-08-29T14:09:30.002Z,"So many movies could just be:
A mentally unstable man acts out.",['en'],FALSE,TRUE,movie,0,0
did:plc:73kmv6kpu4xqrnixfdufp5lq,25244417783,2026-08-29T14:10:01.055Z,"Thanks! I try to pick movies I really enjoy and hopefully others will, as there are just so many movies people aren't aware of and hopefully it'll get people to seek them out!",['en'],TRUE,FALSE,movie,0,0
did:plc:kqxoexqbnqdu4p7kkzpix3z6,25244434626,2026-08-29T14:10:46.399Z,My daylists love to talk to me about Laurel Canyon and it always makes me want to watch that movie,['en'],TRUE,FALSE,movie,0,0
did:plc:4twcmblt5vw6rmokfgl7wqqh,25244474492,2026-08-29T14:12:29.884Z,"Want to win a copy of my new book?

johnmpearson.com/pages/win-a-...

#writingcommunity #authors #bookgiveaway #freebook #christmas #movies #humor #funny",['en'],FALSE,TRUE,movie,0,0
did:plc:knj5sw5al3sukl6vhkpi7637,25244658546,2026-08-29T14:20:29.323Z,"Jurassic 7-Movie Collection (4K Ultra HD + Digital) is $69.99 on Amazon amzn.to/4dNcuaE
GRUV (extra discount w/ code FIRSTGRUV15) buff.ly/5J2ITjx #ad",['en'],FALSE,TRUE,movie,0,0
did:plc:pum666wmkndx3e63t6pnl4ao,25244674343,2026-08-29T14:21:11.369Z,"Actually, this is from even earlier than that. Maybe 2020? 2021? For a few Halloweens, I made fake movie posters for a pretend horror franchise I called Demon Slut",['en'],TRUE,TRUE,movie,0,0
did:plc:knsszrujdducsne2yxvzqhph,25244732120,2026-08-29T14:23:37.447Z,"‘SPIDER-MAN: BRAND NEW DAY’ has surpassed ‘NE ZHA 2’ at the global box office.

It is now the fourth highest-grossing movie of all time.

#SpiderManBrandNewDay #SpiderMan",['en'],FALSE,TRUE,movie,0,0
did:plc:3usymln5h2howwcmfqeujlkq,25244805534,2026-08-29T14:26:46.674Z,"#NowWatching “Insidious” (2010)  on Apple iTunes 

4K Blu-ray: amzn.to/4qJ0Sdj

Directed by James Wan

A family looks to prevent evil spirits from trapping their comatose child in a realm called The Further

#streaming #ad #horror #supernatural #suspense #mystery #filmsky #moviesky",['en'],FALSE,TRUE,movie,0,0
did:plc:zjpgmfkvug27pdtgxl7npnm3,25241411161,2026-08-29T11:49:30.444Z,I love how he looks in the cinematics ❣️❣️❣️,['en'],TRUE,FALSE,cinema,0,0
did:plc:lmiubk52axagb2tusbfzcgge,25241449466,2026-08-29T11:51:40.458Z,Só dois cinemas longe de casa com Akira ):,['en'],FALSE,FALSE,cinema,0,0
did:plc:kajj2mf4wdcfj745lm3edxse,25241976928,2026-08-29T12:19:50.802Z,Pure cinema.,['en'],FALSE,TRUE,cinema,0,0
did:plc:5qb3ytp5wgwjkmby6ei7emsm,25242031591,2026-08-29T12:22:37.479Z,You might be interested in this cinematic match he did during the pandemic youtu.be/M_m1TAgds9A?...,['en'],TRUE,TRUE,cinema,0,0
did:plc:kz6ufohostkrcxekz3l5c7cl,25242113110,2026-08-29T12:26:49.852Z,Funeral Day Reversed #PostRock #AmbientMusic #CinematicMusic #InstrumentalMusic #Shoegaze #NewMusic #MusicVideo,['en'],FALSE,TRUE,cinema,0,0
did:plc:jvbxvrlh4essptwi3wghuoaz,25242324898,2026-08-29T12:37:21.283Z,"Since I love going over underrated anime games one Naruto game I feel is underrated is this one! 

Seriously! The cinematic Justus are amazing and it’s basically Dynasty Warriors as Naruto!

If you haven’t played it, please do so!",['en'],FALSE,TRUE,cinema,0,0
did:plc:d4js7dykjk2qotobpivqqfqv,25242342881,2026-08-29T12:38:02.468Z,An Iconic Heroic Loarderon Footman from old WarCraft III cinematic - made utterly in HB pencil on A3 Paper #traditionalart #fanart #WarCraft #WoW,['en'],FALSE,TRUE,cinema,0,0
did:plc:mq32qqhcvjrbx4y5d2dttzcv,25242562390,2026-08-29T12:49:18.431Z,We are so BACK!! No one does it like Rockstar. This is gonna be the most immersive cinematic experience ever. #GTA6 #GTAVI #gamingsky,['en'],FALSE,TRUE,cinema,0,0
did:plc:33mcomthtvaz6puldkodmar6,25242664174,2026-08-29T12:54:15.350Z,"Every generation inherits the fire.

Some use it to light the road ahead. Others pour gasoline on the furniture, declare the blaze “innovation,” and congratulate themselves while the roof caves in.

Ashes always keep receipts.

#DarkArt #SurrealArt #EnvironmentalArt #ExistentialArt #CinematicArt",['en'],FALSE,TRUE,cinema,0,0
did:plc:4vsww6rhxujyrsd3h7z24xj7,25242753709,2026-08-29T12:58:42.671567+00:00,Absolute cinema.,['en'],TRUE,FALSE,cinema,0,0
did:plc:o3ilbdu5g7car3g7a6br7uya,25242838059,2026-08-29T13:02:34.302Z,"Make your favorite film sound as boring as possible without giving away the title:

At the end of the movie, you realize all of it was just one continuous lie.",['en'],FALSE,TRUE,movie,0,0
did:plc:b34f37pnjrulppzyqsoxnstu,25242892721,2026-08-29T13:05:08.525Z," Democracy rarely disappears in one cinematic explosion. It is dismantled piece by piece while exhausted people are told they are overreacting, while cruelty is marketed as strength, and while oligarchy arrives dressed as patriotism.",['en'],FALSE,FALSE,cinema,0,0
did:plc:3k52uiegiccxnipuwnkbd3de,25242898153,2026-08-29T13:05:28.959Z,"Learning always happens on a logistic curve instead, and so does most every other type of growth, but that fact would have been terrifying in a less cinematic way and would have made the villain less scary",['en'],TRUE,FALSE,cinema,0,0
did:plc:pe3wzxn2fnhcnogykgshmh5i,25243279205,2026-08-29T13:21:07.037889Z,"Master professional visual asset creation! Combine cinematic references with advanced AI tools like Midjourney and Flux to generate, edit, and maintain style consistency through expert prompting. #AI #Design #Midjourney #DigitalArt #PromptEngineering https://ai.dappcrypto.org/r/dL",['en'],FALSE,TRUE,cinema,0,0
did:plc:kcwyfudugbbkdh3nncmtpkv7,25243286433,2026-08-29T13:21:29.856Z,"The character deserving better is less because of their background and more how they were utilized; Kurog was legit the catalyst for everything going down in DF, a disciple of Magatha who freed Razsageth in a sick cinematic, who then did nothing else until he died in the first raid lol",['en'],TRUE,FALSE,cinema,0,0
did:plc:kgeovfz3ymonwl3r35j6rqzk,25243288880,2026-08-29T13:21:35.714Z,"NEW POST: Friday night’s Week 0 action was cinema.

austinonfcs.substack.com/p/friday-wee...",['en'],FALSE,TRUE,cinema,0,0
did:plc:ksc42meycz3dsymczlbgls2o,25243362505,2026-08-29T13:25:04.674Z,"…but that segment is also where WWM’s narrative flaws (the battle for the Earth thing) are most prominent. It’s still cool and has the right aesthetic as goes the environments and animals, but a lot of the cinematography and behaviour just feels off. It’s too staged, if that makes sense.",['en'],TRUE,FALSE,cinema,0,0
did:plc:kgkc3ib5vc64wdirjlbon5qg,25243552913,2026-08-29T13:32:07.726Z,"Likewise, fixed cinematography can lend itself to a greater variety of frames. Part of the fun of old God of War boss fights, for example, was watching Kratos crawling up the side of a truly enormous titan like a particularly irate spider.

The scale was communicated perfectly.",['en'],TRUE,TRUE,cinema,0,0
did:plc:zmluwyggdcugrulxberhevba,25243629360,2026-08-29T13:35:37.283Z,Dune (1984) Cinematography by Freddie Francis.,['en'],FALSE,TRUE,cinema,0,0
did:plc:s56x6zse7ikk66otbgleswsm,25243730186,2026-08-29T13:39:54.033Z,"Everything feels like it's trying out for a cinematic universe or to sell us a subscription. Bring back weird, standalone art that owes an explanation to absolutely nobody. What's the last piece of media that actually felt dangerous or unfiltered to you?
#IndieArt #Creativity #Culture",['en'],FALSE,FALSE,cinema,0,0
did:plc:23e6qmug2vwcnsfv2fywuy4b,25241412907,2026-08-29T11:49:34.637Z,"Me, a text: I am running late to the cinema so if you're there before me can you pick me up a couple of cans of g&t
@brainmage.bsky.social, a voice note at the same time: I am running late to the cinema so if you're there before me can you pick me up a couple of cans of g&t",['en'],FALSE,FALSE,cinema,0,0
did:plc:rk4zurumtodukvqykebtoogh,25241602499,2026-08-29T12:00:06.537Z,It is ... I think it happened in the cinema tent at Glastonbury in 1994 but I can't remember what the film was 🤦,['en'],TRUE,FALSE,film was,1,0
did:plc:4kugkxlh4bavf3ersn7fklcs,25241633291,2026-08-29T12:01:39.072Z,"The budget for this film was $0 and a half-eaten sandwich. Watch your back, Hollywood.

No, seriously, the robot is showing emotions based on what it hears.",['en'],FALSE,TRUE,film was,1,0
did:plc:rjj2dmht3qwlcodnbi3qbrph,25241910736,2026-08-29T12:16:23.118Z,The idea that in an era when the studio was greenlighting the new Space Jam the batgirl movie was so uniquely bad it had to be killed after production to save the cast’s reputation was always absurd and anyone who bought it was a giant rube.,['en'],FALSE,TRUE,movie was,1,0
did:plc:slxanvzeo53qfvgn2dygkufw,25242044936,2026-08-29T12:23:20.138Z,The only good thing about that Pirate Radio movie was that Branagh played a villain named Twatt and he pronounced it like “flat” and every time his name is spoken it’s a legit fucking howler like Biggus Dickus.,['en'],TRUE,FALSE,movie was,1,0
did:plc:ijuycl7lu6jy5sahslksxjre,25241598022,2026-08-29T11:59:53.500Z,"I saw a commercial for this yesterday and not only was like, ugh, another Robin Hood movie already?, but also spent the whole ad going, is that Andrew Garfield? because it for some reason wouldn't show his whole face.",['en'],FALSE,TRUE,movie,1,0
did:plc:wqhamz5lf33p55wsa6zi5qsq,25242088502,2026-08-29T12:25:35.300Z,"I love Young Frankenstein, but my favorite movie is Little Big Man.",['en'],TRUE,FALSE,movie,1,0
did:plc:hkkhmnxiuvlzwtna62rf2dqg,25242192260,2026-08-29T12:30:38.951Z,"I'd highly recommend ""Hayao Miyazaki's Daydream Data Notes"" as well as it contains so many ideas that didn't make it to the movies, but are still equally amazing. (one did make it as a model kit though)",['en'],TRUE,TRUE,movie,1,0
did:plc:e37ekh7am2ei6jcv6xxavnhl,25242202684,2026-08-29T12:31:12.268Z,I saw an interview with Mark Hammel where he said he saw the original stage version of Rocky Horror and the movie didn't do Tim Curry justice,['en'],TRUE,FALSE,movie,1,0
did:plc:e37ekh7am2ei6jcv6xxavnhl,25242202720,2026-08-29T12:31:12.272Z,I saw an interview with Mark Hammel where he said he saw the original stage version of Rocky Horror and the movie didn't do Tim Curry justice,['en'],TRUE,FALSE,movie,1,0
did:plc:lzw4cqzkm3ck5gu7y7kc7sht,25242251544,2026-08-29T12:33:38.666Z,Romulus was really good. Great? I don’t know. But Jonsson absolutely made the movie for me and is reason enough for me to rewatch it along with the other films. Prometheus and Covenant though…I pretty much hate watch.,['en'],TRUE,FALSE,movie,1,0
did:plc:xu3h3yifovmiq677timdxi6e,25242261216,2026-08-29T12:34:06.120Z,"literally seen people call Dr Frank a rapist or claim he ""tricks"" people into sex and it's literally like we clearly did not watch the same movie and I wonder if you actually saw it at all",['en'],TRUE,FALSE,movie,1,0
did:plc:ybldqx574pci2cxjtq7mjkfk,25241455845,2026-08-29T11:52:02.499Z,"Nice introduction! 

I’m surprised or maybe not that there hasn’t been a biopic film. They’ve done Cash, Dylan, Hank Williams etc.

Of course it could be terrible, but aside from being one of the best singer songwriters ever she - as she has mentioned! - did it in the malest of male environments",['en'],TRUE,FALSE,film,1,0
did:plc:degzgkbpiitz45k3dbcrw66l,25241907794,2026-08-29T12:16:14.007Z,maybe if i rephrased the question to favorite film i’d be like ohoho 🚬🧐 but not if i’m being honest w myself,['en'],TRUE,FALSE,film,1,0
did:plc:7mzjqjieb6tbxfrtpq3u7gzw,25242023173,2026-08-29T12:22:11.739Z,A rainy afternoon is perfect for watching my favourite film,['en'],FALSE,TRUE,film,1,0
did:plc:3l76krheiy3ufbbzpvvqimli,25242186477,2026-08-29T12:30:25.274Z,"Make you favourite film sound as boring as possible without giving away the title.

Military leader seeks contact with estranged son to help him with career advancement. In space.",['en'],FALSE,TRUE,film,1,0
did:plc:afzhzk2jbgjrlh7qnffbjl5z,25242274538,2026-08-29T12:34:48.402Z,"Make your favorite film as boring as possible without giving away the title:

Man goes to prison for dropping a liquor bottle.",['en'],FALSE,FALSE,film,1,0
did:plc:r3ij7pwsc5rjvcxqizltnuma,25241706169,2026-08-29T12:05:35.343Z,"Today marks 20 years since I saw A Scanner Darkly in the cinema (and Ali and I started going out, post-screening, just after midnight)",['en'],FALSE,FALSE,cinema,1,0
did:plc:v4723avs2z2wpwweptepsgxc,25241734234,2026-08-29T12:07:05.954Z,"My instant reaction:

Booze! At The Cinema",['en'],TRUE,FALSE,cinema,1,0
did:plc:le235bw27qqmgnjdfq337jse,25241912160,2026-08-29T12:16:25.510Z,"Meanwhile, I'm off to see Terminator 2 in the cinema today (first time on the big screen).

www.theguardian.com/technology/2...",['en'],FALSE,TRUE,cinema,1,0
